"year","deaths_a","deaths_b","deaths_civilians","deaths_unknown","low","best","high","iso3c","iso2c","population","gdp_pc","region","gdp","conflict"
1990,1,0,0,0,1,1,1,"DZA","DZ",25375810,3605.68701212608,"Africa","high",NA
1991,8,24,1,1,34,34,34,"DZA","DZ",25987928,3478.50976269176,"Africa","high","Minor Conflict"
1992,148,112,5,9,274,274,353,"DZA","DZ",26628568,3455.92936294162,"Africa","high","Minor Conflict"
1993,187,576,37,26,826,826,886,"DZA","DZ",27277048,3302.91950568634,"Africa","high","Minor Conflict"
1994,79,1818,30,16,1943,1943,2176,"DZA","DZ",27887279,3201.56914402566,"Africa","high","Major Conflict"
1995,39,2927,15,78,3035,3059,6155,"DZA","DZ",28470191,3255.18726869561,"Africa","high","Major Conflict"
1996,34,1029,9,19,1085,1091,1514,"DZA","DZ",29033044,3322.95538141474,"Africa","high","Major Conflict"
1997,43,1354,361,250,1813,2008,3428,"DZA","DZ",29579301,3297.46603361265,"Africa","high","Major Conflict"
1998,390,2619,123,152,3284,3284,4440,"DZA","DZ",30054133,3410.88254401644,"Africa","high","Major Conflict"
1999,348,670,143,7,1168,1168,1250,"DZA","DZ",30474354,3471.49196276497,"Africa","high","Major Conflict"
2000,386,549,246,12,1193,1193,1275,"DZA","DZ",30903893,3553.32420521991,"Africa","high","Major Conflict"
2001,189,451,32,2,674,674,898,"DZA","DZ",31331221,3610.00605631983,"Africa","high","Minor Conflict"
2002,209,320,529,0,1056,1058,1076,"DZA","DZ",31750835,3754.66081538446,"Africa","high","Major Conflict"
2003,217,405,58,34,714,714,731,"DZA","DZ",32175818,3945.89816094007,"Africa","high","Minor Conflict"
2004,150,245,95,10,500,500,524,"DZA","DZ",32628286,4066.28204806495,"Africa","high","Minor Conflict"
2005,131,75,26,0,231,232,265,"DZA","DZ",33109249,4223.60252133943,"Africa","high","Minor Conflict"
2006,111,129,46,6,292,292,325,"DZA","DZ",33623506,4279.61547120827,"Africa","high","Minor Conflict"
2007,137,257,31,70,494,495,541,"DZA","DZ",34189416,4339.25055772831,"Africa","high","Minor Conflict"
2008,103,170,58,14,345,345,416,"DZA","DZ",34816961,4367.56538017541,"Africa","high","Minor Conflict"
2009,166,325,48,2,527,541,714,"DZA","DZ",35490445,4336.10054052949,"Africa","high","Minor Conflict"
2010,65,160,26,1,252,252,293,"DZA","DZ",36188236,4456.6102741643,"Africa","high","Minor Conflict"
2011,115,139,17,5,268,276,287,"DZA","DZ",36903376,4501.3543013352,"Africa","high","Minor Conflict"
2012,54,185,23,2,258,264,320,"DZA","DZ",37646166,4518.43978956464,"Africa","high","Minor Conflict"
2013,32,136,27,27,222,222,240,"DZA","DZ",38414171,4543.23444006767,"Africa","high","Minor Conflict"
2014,25,81,1,4,86,111,151,"DZA","DZ",39205031,4634.10149179952,"Africa","high","Minor Conflict"
2015,19,90,1,0,107,110,117,"DZA","DZ",40019529,4685.05902729002,"Africa","high","Minor Conflict"
2016,0,89,0,0,85,89,94,"DZA","DZ",40850721,4768.73140081027,"Africa","high","Minor Conflict"
2017,9,68,0,0,77,77,91,"DZA","DZ",41689299,4742.90075532529,"Africa","high","Minor Conflict"
2018,15,17,2,1,35,35,39,"DZA","DZ",42505035,4717.0035885361,"Africa","high","Minor Conflict"
2019,0,14,1,0,15,15,15,"DZA","DZ",43294546,4672.66408678635,"Africa","high",NA
2020,5,23,0,0,28,28,28,"DZA","DZ",44042091,4363.68533767783,"Africa","high","Minor Conflict"
2021,5,8,5,0,18,18,18,"DZA","DZ",44761099,4456.74687637774,"Africa","high",NA
2022,5,9,0,0,14,14,14,"DZA","DZ",45477389,4544.46688060372,"Africa","high",NA
2023,1,0,0,0,1,1,1,"DZA","DZ",46164219,4660.40545687895,"Africa","high",NA
2024,0,3,0,0,3,3,3,"DZA","DZ",46814308,4747.34624759338,"Africa","high",NA
1989,205,2229,297,142,2873,2873,6831,"AGO",NA,NA,NA,NA,NA,"Major Conflict"
1990,306,1113,191,999,2608,2609,4609,"AGO","AO",11626360,2380.17624300565,"Africa","middle","Major Conflict"
1991,22,177,212,105,497,516,688,"AGO","AO",12023529,2324.36937619854,"Africa","middle","Minor Conflict"
1992,25,15,32,2280,2329,2352,3714,"AGO","AO",12423712,2118.16654532324,"Africa","middle","Major Conflict"
1993,161,1510,761,9966,12398,12398,25504,"AGO","AO",12827135,1559.517151584,"Africa","middle","Major Conflict"
1994,28,967,304,2710,3959,4009,12507,"AGO","AO",13249764,1529.994431256,"Africa","middle","Major Conflict"
1995,22,59,56,101,216,238,1101,"AGO","AO",13699778,1701.69727652709,"Africa","middle","Minor Conflict"
1996,2,6,1,23,9,32,341,"AGO","AO",14170973,1867.93503101029,"Africa","middle","Minor Conflict"
1997,4,2,54,45,60,105,362,"AGO","AO",14660413,1936.91619338589,"Africa","middle","Minor Conflict"
1998,55,110,214,812,1158,1191,2487,"AGO","AO",15159370,1961.03722525713,"Africa","middle","Major Conflict"
1999,323,459,465,1419,2666,2666,6943,"AGO","AO",15667235,1938.86184025918,"Africa","middle","Major Conflict"
2000,27,150,258,774,613,1209,4361,"AGO","AO",16194869,1932.98847886814,"Africa","middle","Major Conflict"
2001,70,437,1042,609,2158,2158,3717,"AGO","AO",16747208,1947.85672988915,"Africa","middle","Major Conflict"
2002,17,365,97,100,550,579,1073,"AGO","AO",17327699,2139.87259662901,"Africa","middle","Minor Conflict"
2003,0,22,59,3,81,84,221,"AGO","AO",17943712,2128.19579323903,"Africa","middle","Minor Conflict"
2004,6,3,13,16,21,38,113,"AGO","AO",18600423,2277.86696532928,"Africa","middle","Minor Conflict"
2005,0,8,7,0,15,15,43,"AGO","AO",19291161,2526.41057941008,"Africa","middle",NA
2006,3,0,0,0,3,3,71,"AGO","AO",20015279,2716.25302638209,"Africa","middle",NA
2007,0,0,1,25,1,26,111,"AGO","AO",20778561,2983.0418728513,"Africa","middle","Minor Conflict"
2008,3,0,1,0,4,4,29,"AGO","AO",21578655,3193.28772270836,"Africa","high",NA
2009,0,1,0,24,1,25,66,"AGO","AO",22414773,3100.60927365473,"Africa","high","Minor Conflict"
2010,1,3,6,0,10,10,30,"AGO","AO",23294825,3114.69608592822,"Africa","high",NA
2011,0,1,0,0,1,1,3,"AGO","AO",24218352,3099.9422899117,"Africa","high",NA
2013,0,2,0,0,2,2,2,"AGO","AO",26165620,3268.63890723473,"Africa","high",NA
2014,0,0,0,0,0,0,15,"AGO","AO",27160769,3300.73510980871,"Africa","high",NA
2015,0,1,0,0,1,1,9,"AGO","AO",28157798,3213.90261080059,"Africa","high",NA
2016,0,9,1,16,10,26,186,"AGO","AO",29183070,3020.98332805417,"Africa","high","Minor Conflict"
2017,5,11,1,9,17,26,112,"AGO","AO",30234839,2911.60084214038,"Africa","middle","Minor Conflict"
2018,0,1,23,0,24,24,32,"AGO","AO",31297155,2775.74642272991,"Africa","middle",NA
2019,1,9,1,15,11,26,54,"AGO","AO",32375632,2664.43850995544,"Africa","middle","Minor Conflict"
2020,0,7,8,14,15,29,102,"AGO","AO",33451132,2433.37637275564,"Africa","middle","Minor Conflict"
2021,0,0,13,0,13,13,28,"AGO","AO",34532429,2385.44881834294,"Africa","middle",NA
2022,0,1,1,19,2,21,115,"AGO","AO",35635029,2382.02263952585,"Africa","middle",NA
2023,0,0,0,0,0,0,5,"AGO","AO",36749906,2334.66104267184,"Africa","middle",NA
2024,3,5,2,15,10,25,105,"AGO","AO",37885849,2364.84659101208,"Africa","middle","Minor Conflict"
2019,0,0,1,0,1,1,1,"BEN","BJ",12726755,1114.17304526443,"Africa","middle",NA
2020,1,0,0,0,1,1,1,"BEN","BJ",13070169,1126.65404122154,"Africa","middle",NA
2021,4,6,1,0,11,11,12,"BEN","BJ",13413417,1176.37727637273,"Africa","middle",NA
2022,17,11,1,1,30,30,33,"BEN","BJ",13759501,1218.49668929091,"Africa","middle","Minor Conflict"
2023,5,14,27,0,46,46,59,"BEN","BJ",14111034,1263.62158336368,"Africa","middle","Minor Conflict"
2024,34,34,12,5,81,85,91,"BEN","BJ",14462724,1324.78312597434,"Africa","middle","Minor Conflict"
1990,0,0,1,0,1,1,1,"BWA","BW",1305696,4039.46544455099,"Africa","high",NA
2016,0,0,1,25,26,26,31,"BFA","BF",19334856,648.420480176012,"Africa","low","Minor Conflict"
2017,11,5,37,1,24,54,59,"BFA","BF",19894407,669.276310328333,"Africa","low","Minor Conflict"
2018,66,35,94,0,165,195,243,"BFA","BF",20438288,694.492813126351,"Africa","low","Minor Conflict"
2019,142,201,896,7,698,1246,1541,"BFA","BF",20961952,717.021595096634,"Africa","low","Major Conflict"
2020,179,328,565,95,849,1167,1312,"BFA","BF",21478690,713.8421779224,"Africa","low","Major Conflict"
2021,364,538,499,57,1303,1458,1606,"BFA","BF",21995243,745.472563435144,"Africa","low","Major Conflict"
2022,455,1258,943,48,2428,2704,3011,"BFA","BF",22509038,739.363021191451,"Africa","low","Major Conflict"
2023,1011,3367,1586,158,5810,6122,7485,"BFA","BF",23025776,744.165760639938,"Africa","low","Major Conflict"
2024,1072,795,2170,214,3691,4251,5260,"BFA","BF",23548781,763.911780313875,"Africa","low","Major Conflict"
1990,3,4,0,0,7,7,7,"BDI","BI",5587052,427.030031561228,"Africa","low",NA
1991,13,60,74,195,342,342,1851,"BDI","BI",5703857,439.186232093461,"Africa","low","Minor Conflict"
1992,2,58,1,0,61,61,61,"BDI","BI",5858407,431.918861835852,"Africa","low","Minor Conflict"
1993,340,2066,6420,1392,9699,10218,32926,"BDI","BI",5676843,417.919297574139,"Africa","low","Major Conflict"
1994,63,51,745,38,657,897,2985,"BDI","BI",5713854,399.309631526324,"Africa","low","Minor Conflict"
1995,53,102,2285,388,2491,2828,4134,"BDI","BI",6066316,346.321302413385,"Africa","low","Major Conflict"
1996,129,308,17449,298,10328,18184,21448,"BDI","BI",6070506,318.395682563648,"Africa","low","Major Conflict"
1997,50,742,2338,1265,3778,4395,5867,"BDI","BI",6070042,313.357142719203,"Africa","low","Major Conflict"
1998,36,664,997,100,1596,1797,2274,"BDI","BI",6187108,322.030961886279,"Africa","low","Major Conflict"
1999,117,370,1227,138,1420,1852,2414,"BDI","BI",6337155,311.230622126912,"Africa","low","Major Conflict"
2000,342,857,935,308,2194,2442,3557,"BDI","BI",6470194,302.219163799824,"Africa","low","Major Conflict"
2001,335,417,650,232,1584,1634,3101,"BDI","BI",6634365,300.799882759047,"Africa","low","Major Conflict"
2002,173,624,891,302,1631,1990,2573,"BDI","BI",6824132,305.4383585397,"Africa","low","Major Conflict"
2003,180,342,509,252,1251,1283,1927,"BDI","BI",7043154,292.318595090044,"Africa","low","Major Conflict"
2004,76,384,263,11,694,734,920,"BDI","BI",7310656,295.235119511615,"Africa","low","Minor Conflict"
2005,35,225,210,15,485,485,567,"BDI","BI",7587299,287.030688980174,"Africa","low","Minor Conflict"
2006,18,117,116,0,249,251,254,"BDI","BI",7865547,291.866399549575,"Africa","low","Minor Conflict"
2007,5,24,23,27,73,79,82,"BDI","BI",8161874,290.979116170807,"Africa","low","Minor Conflict"
2008,35,148,40,34,257,257,270,"BDI","BI",8505637,292.793764973044,"Africa","low","Minor Conflict"
2009,0,0,0,0,0,0,17,"BDI","BI",8947646,288.941917826614,"Africa","low",NA
2011,0,2,2,0,4,4,7,"BDI","BI",9717978,290.948032142504,"Africa","low",NA
2012,0,0,5,9,14,14,15,"BDI","BI",10071028,293.232620547249,"Africa","low",NA
2013,0,0,16,0,16,16,16,"BDI","BI",10439341,296.816900573427,"Africa","low",NA
2014,1,56,0,4,61,61,91,"BDI","BI",10799785,299.077479357732,"Africa","low","Minor Conflict"
2015,11,169,81,4,262,265,290,"BDI","BI",11047580,280.966831311923,"Africa","low","Minor Conflict"
2016,6,1,85,1,70,93,111,"BDI","BI",11239451,274.513363399011,"Africa","low","Minor Conflict"
2017,5,0,38,0,42,43,67,"BDI","BI",11506762,269.47688960656,"Africa","low","Minor Conflict"
2018,5,2,109,0,97,116,123,"BDI","BI",11859446,265.672394335817,"Africa","low","Minor Conflict"
2019,2,14,59,0,58,75,114,"BDI","BI",12255336,261.750180238427,"Africa","low","Minor Conflict"
2020,29,31,85,0,117,145,220,"BDI","BI",12617036,255.078218433565,"Africa","low","Minor Conflict"
2021,13,0,68,0,62,81,91,"BDI","BI",12965481,255.917950730796,"Africa","low","Minor Conflict"
2022,0,0,38,10,48,48,54,"BDI","BI",13321097,253.69164159159,"Africa","low","Minor Conflict"
2023,64,0,61,0,61,125,131,"BDI","BI",13689450,253.44565118586,"Africa","low","Minor Conflict"
2024,9,0,59,2,64,70,81,"BDI","BI",14047786,255.598395837897,"Africa","low","Minor Conflict"
1990,0,0,6,0,6,6,6,"CMR","CM",11331821,1360.47765296011,"Africa","middle",NA
1991,0,0,0,50,9,50,100,"CMR","CM",11667180,1271.04658608388,"Africa","middle","Minor Conflict"
1992,0,0,0,25,25,25,116,"CMR","CM",12006353,1196.85081918895,"Africa","middle","Minor Conflict"
1993,0,1,0,46,32,47,72,"CMR","CM",12353131,1070.98275377636,"Africa","middle","Minor Conflict"
1994,11,2,55,34,98,102,155,"CMR","CM",12704903,1060.87326552909,"Africa","middle","Minor Conflict"
1996,1,53,2,0,56,56,57,"CMR","CM",13414757,1077.38925202961,"Africa","middle","Minor Conflict"
1998,0,1,0,51,52,52,68,"CMR","CM",14144860,1118.50819963079,"Africa","middle","Minor Conflict"
2000,0,0,2,0,2,2,500,"CMR","CM",14912631,1151.27689302947,"Africa","middle",NA
2001,0,0,0,0,0,0,12,"CMR","CM",15309490,1169.92670464984,"Africa","middle",NA
2004,0,0,0,0,0,0,1,"CMR","CM",16610487,1271.74326874167,"Africa","middle",NA
2005,0,0,0,0,0,0,4,"CMR","CM",17074594,1264.74345218659,"Africa","middle",NA
2008,0,0,0,0,0,0,26,"CMR","CM",18574056,1295.02211276052,"Africa","middle",NA
2009,0,0,0,0,0,0,17,"CMR","CM",19113974,1290.89961351149,"Africa","middle",NA
2013,0,0,1,0,1,1,1,"CMR","CM",21402376,1347.2130636706,"Africa","middle",NA
2014,82,871,89,5,1047,1047,1111,"CMR","CM",22059893,1381.81938454907,"Africa","middle","Major Conflict"
2015,47,722,340,154,1263,1263,1662,"CMR","CM",22763414,1415.00009710569,"Africa","middle","Major Conflict"
2016,22,158,305,6,491,491,517,"CMR","CM",23454161,1435.61830727839,"Africa","middle","Minor Conflict"
2017,81,86,232,11,410,410,499,"CMR","CM",24128601,1444.90682916573,"Africa","middle","Minor Conflict"
2018,173,381,271,188,1009,1013,1323,"CMR","CM",24806383,1461.01969999317,"Africa","middle","Major Conflict"
2019,131,317,241,179,854,868,1035,"CMR","CM",25506095,1470.31785276187,"Africa","middle","Minor Conflict"
2020,65,244,432,51,749,792,944,"CMR","CM",26210558,1434.51913723409,"Africa","middle","Minor Conflict"
2021,237,248,267,75,788,827,1068,"CMR","CM",26915758,1443.57600237663,"Africa","middle","Minor Conflict"
2022,122,235,290,20,557,667,789,"CMR","CM",27632771,1458.66180431693,"Africa","middle","Minor Conflict"
2023,101,233,299,5,573,638,754,"CMR","CM",28372687,1466.76885819356,"Africa","middle","Minor Conflict"
2024,80,154,185,2,387,421,439,"CMR","CM",29123744,1481.39595083063,"Africa","middle","Minor Conflict"
1991,0,0,0,0,0,0,20,"CAF","CF",2963191,500.991150890901,"Africa","low",NA
1992,0,0,1,2,3,3,3,"CAF","CF",3058831,454.148968239471,"Africa","low",NA
1993,0,0,4,0,4,4,4,"CAF","CF",3157839,441.384907508364,"Africa","low",NA
1999,0,0,5,0,5,5,5,"CAF","CF",3729450,460.827900216085,"Africa","low",NA
2000,0,0,0,6,6,6,6,"CAF","CF",3833416,437.168928414826,"Africa","low",NA
2001,11,2,23,180,216,216,351,"CAF","CF",3919487,446.658634192083,"Africa","low","Minor Conflict"
2002,7,12,43,90,150,152,340,"CAF","CF",4006077,452.808702217035,"Africa","low","Minor Conflict"
2003,0,0,6,13,14,19,56,"CAF","CF",4103086,418.240532289858,"Africa","low",NA
2004,0,0,23,0,3,23,23,"CAF","CF",4192826,433.825227770233,"Africa","low",NA
2005,0,0,8,0,8,8,8,"CAF","CF",4288810,427.968043155237,"Africa","low",NA
2006,16,15,143,16,184,190,339,"CAF","CF",4377579,439.294330902768,"Africa","low","Minor Conflict"
2007,8,3,131,1,143,143,172,"CAF","CF",4462770,450.762785401893,"Africa","low","Minor Conflict"
2008,0,0,8,0,8,8,13,"CAF","CF",4558984,450.313616886022,"Africa","low",NA
2009,7,72,158,7,244,244,294,"CAF","CF",4529047,492.215398914836,"Africa","low","Minor Conflict"
2010,8,34,104,2,138,148,251,"CAF","CF",4492995,519.141456408484,"Africa","low","Minor Conflict"
2011,3,9,90,93,195,195,230,"CAF","CF",4565021,532.38295493852,"Africa","low","Minor Conflict"
2012,49,9,74,0,132,132,132,"CAF","CF",4610848,553.729578314912,"Africa","low","Minor Conflict"
2013,58,139,2559,640,2847,3396,4120,"CAF","CF",4642419,349.821171688973,"Africa","low","Major Conflict"
2014,122,166,2299,906,3159,3493,4072,"CAF","CF",4623182,351.561554911625,"Africa","low","Major Conflict"
2015,15,41,424,265,745,745,772,"CAF","CF",4629320,366.322853938121,"Africa","low","Minor Conflict"
2016,19,6,511,152,688,688,715,"CAF","CF",4713663,376.858254120398,"Africa","low","Minor Conflict"
2017,46,100,1003,716,1743,1865,2190,"CAF","CF",4793511,387.35795131742,"Africa","low","Major Conflict"
2018,24,49,332,235,629,640,676,"CAF","CF",4878657,395.020015455909,"Africa","low","Minor Conflict"
2019,86,101,149,165,498,501,604,"CAF","CF",4944703,401.82582161435,"Africa","low","Minor Conflict"
2020,22,66,94,117,299,299,350,"CAF","CF",5026628,398.834274122139,"Africa","low","Minor Conflict"
2021,96,222,399,363,914,1080,1142,"CAF","CF",5112100,396.020622931961,"Africa","low","Major Conflict"
2022,105,204,340,124,773,773,899,"CAF","CF",5098039,398.915397976511,"Africa","low","Minor Conflict"
2023,201,111,109,2,415,423,452,"CAF","CF",5152421,397.467795727686,"Africa","low","Minor Conflict"
2024,61,103,315,6,441,485,788,"CAF","CF",5330690,390.090566274594,"Africa","low","Minor Conflict"
1989,43,7,0,0,50,50,650,"TCD",NA,NA,NA,NA,NA,"Minor Conflict"
1990,47,0,34,605,686,686,7903,"TCD","TD",5982833,600.276187628904,"Africa","low","Minor Conflict"
1991,1,3,27,64,95,95,100,"TCD","TD",6205676,628.115135165801,"Africa","low","Minor Conflict"
1992,71,240,291,588,1090,1190,1888,"TCD","TD",6474656,650.191392560677,"Africa","low","Major Conflict"
1993,1,0,193,119,313,313,367,"TCD","TD",6629146,535.275325824833,"Africa","low","Minor Conflict"
1994,9,33,230,249,397,521,701,"TCD","TD",6783450,576.125343212834,"Africa","low","Minor Conflict"
1995,2,2,49,0,53,53,54,"TCD","TD",7089064,558.105168632108,"Africa","low","Minor Conflict"
1996,0,0,4,0,4,4,4,"TCD","TD",7410108,545.748810715064,"Africa","low",NA
1997,0,2,37,95,134,134,134,"TCD","TD",7670366,557.037835216989,"Africa","low","Minor Conflict"
1998,0,31,167,0,198,198,201,"TCD","TD",7938840,575.613454821804,"Africa","low","Minor Conflict"
1999,11,0,0,383,394,394,1230,"TCD","TD",8222705,551.947186722004,"Africa","low","Minor Conflict"
2000,35,21,5,1009,1070,1070,1122,"TCD","TD",8512093,528.492179115295,"Africa","low","Major Conflict"
2001,2,15,4,209,230,230,331,"TCD","TD",8804124,570.530862613474,"Africa","low","Minor Conflict"
2002,71,12,3,211,297,297,353,"TCD","TD",9116192,597.786883652378,"Africa","low","Minor Conflict"
2003,0,2,0,35,37,37,189,"TCD","TD",9487833,658.928454990582,"Africa","low","Minor Conflict"
2004,3,47,30,0,80,80,88,"TCD","TD",9920036,842.158764877398,"Africa","low","Minor Conflict"
2005,5,9,167,86,267,267,530,"TCD","TD",10328092,949.086011648517,"Africa","low","Minor Conflict"
2006,516,558,570,312,1956,1956,4055,"TCD","TD",10706424,910.773451555824,"Africa","low","Major Conflict"
2007,121,90,220,0,431,431,1055,"TCD","TD",11081660,918.265540053882,"Africa","low","Minor Conflict"
2008,2,0,4,988,994,994,1366,"TCD","TD",11476296,914.250602943879,"Africa","low","Minor Conflict"
2009,22,101,10,2,135,135,328,"TCD","TD",11893754,870.353795767171,"Africa","low","Minor Conflict"
2010,2,2,0,0,4,4,4,"TCD","TD",12312575,956.724153813537,"Africa","low",NA
2014,0,10,6,0,16,16,16,"TCD","TD",14188678,993.25648925195,"Africa","low",NA
2015,55,222,119,1,396,397,436,"TCD","TD",14647621,993.990730610869,"Africa","low","Minor Conflict"
2016,9,8,5,4,26,26,28,"TCD","TD",15114655,923.494348293965,"Africa","low","Minor Conflict"
2017,23,62,3,3,90,91,268,"TCD","TD",15622759,878.913785540893,"Africa","low","Minor Conflict"
2018,51,89,28,0,168,168,216,"TCD","TD",16156531,898.669040353434,"Africa","low","Minor Conflict"
2019,28,114,46,65,253,253,296,"TCD","TD",16685223,917.085339933556,"Africa","low","Minor Conflict"
2020,82,113,29,25,202,249,802,"TCD","TD",17224679,884.730874687626,"Africa","low","Minor Conflict"
2021,96,549,22,0,667,667,894,"TCD","TD",17828273,857.290294251454,"Africa","low","Minor Conflict"
2022,33,23,17,41,113,114,145,"TCD","TD",18455316,934.967732795261,"Africa","low","Minor Conflict"
2023,28,56,9,19,112,112,130,"TCD","TD",19319064,929.941347591119,"Africa","low","Minor Conflict"
2024,104,15,16,60,176,195,198,"TCD","TD",20299123,917.386448017067,"Africa","low","Minor Conflict"
1989,29,0,0,0,29,29,30,"COM",NA,NA,NA,NA,NA,"Minor Conflict"
1997,40,0,0,16,56,56,78,"COM","KM",507777,951.151466490866,"Africa","low","Minor Conflict"
1998,0,7,3,30,40,40,60,"COM","KM",516597,946.902597436713,"Africa","low","Minor Conflict"
1992,0,0,2,0,2,2,8,"COG","CG",2519465,2346.67913794406,"Africa","middle",NA
1993,13,0,83,39,135,135,135,"COG","CG",2595124,2255.94360801961,"Africa","middle","Minor Conflict"
1994,4,3,7,4,18,18,23,"COG","CG",2673144,2069.79640456567,"Africa","middle",NA
1995,0,2,0,0,2,2,2,"COG","CG",2749461,2092.54337905245,"Africa","middle",NA
1996,0,0,1,0,1,1,4,"COG","CG",2826785,2122.62819294837,"Africa","middle",NA
1997,26,41,503,9842,10412,10412,21212,"COG","CG",2887862,2064.7536042465,"Africa","middle","Major Conflict"
1998,31,93,498,3141,3763,3763,5132,"COG","CG",2952061,2095.34403570595,"Africa","middle","Major Conflict"
1999,70,412,439,27,948,948,1848,"COG","CG",3032874,1986.8478922289,"Africa","middle","Minor Conflict"
2001,1,0,2,0,3,3,3,"COG","CG",3272537,2056.16505922617,"Africa","middle",NA
2002,37,105,49,43,234,234,260,"COG","CG",3350771,2100.16876714574,"Africa","middle","Minor Conflict"
2003,3,13,17,0,33,33,33,"COG","CG",3445753,2058.88683675038,"Africa","middle","Minor Conflict"
2005,6,2,6,1,15,15,51,"COG","CG",3696393,2140.03686200251,"Africa","middle",NA
2007,0,2,0,0,2,2,15,"COG","CG",3980430,2004.10103961966,"Africa","middle",NA
2008,0,1,0,0,1,1,1,"COG","CG",4113517,2061.55829880574,"Africa","middle",NA
2011,0,1,0,0,1,1,1,"COG","CG",4609724,2307.49384399715,"Africa","middle",NA
2012,0,2,0,0,2,2,2,"COG","CG",4740450,2467.06102906839,"Africa","middle",NA
2015,0,0,0,0,0,0,1,"COG","CG",5097581,2439.35189403696,"Africa","middle",NA
2016,17,12,42,2,73,73,73,"COG","CG",5222536,2174.19310251224,"Africa","middle","Minor Conflict"
2017,4,15,0,1,19,20,35,"COG","CG",5351011,2003.27121075187,"Africa","middle",NA
2019,0,0,0,0,0,0,2,"COG","CG",5616661,1885.51080877731,"Africa","middle",NA
2020,0,0,0,0,0,0,5,"COG","CG",5752791,1725.51040049963,"Africa","middle",NA
2022,0,0,3,0,3,3,10,"COG","CG",6035104,1686.00234391385,"Africa","middle",NA
1989,0,0,28,0,28,28,28,"COD",NA,NA,NA,NA,NA,"Minor Conflict"
1990,0,0,147,0,20,147,147,"COD","CD",36684063,801.567015056407,"Africa","low","Minor Conflict"
1991,0,0,32,0,32,32,162,"COD","CD",37925817,710.032087422205,"Africa","low","Minor Conflict"
1992,0,0,67,0,50,67,94,"COD","CD",39228910,614.369536883349,"Africa","low","Minor Conflict"
1993,100,0,229,3008,569,3337,7028,"COD","CD",40656336,512.954857325072,"Africa","low","Major Conflict"
1994,0,0,329,3,331,332,4428,"COD","CD",42626876,470.161734645697,"Africa","low","Minor Conflict"
1995,115,0,61,350,517,526,593,"COD","CD",44433704,454.200631347294,"Africa","low","Minor Conflict"
1996,497,143,32553,1114,32046,34307,48868,"COD","CD",45296124,440.994059132614,"Africa","low","Major Conflict"
1997,2527,1238,9586,546,13478,13897,42414,"COD","CD",46029902,409.588064385259,"Africa","low","Major Conflict"
1998,726,1443,4417,1131,6924,7717,16672,"COD","CD",47297600,392.136003823522,"Africa","low","Major Conflict"
1999,1084,1110,3759,1896,7243,7849,13611,"COD","CD",48912971,362.993793858463,"Africa","low","Major Conflict"
2000,892,327,704,1132,2891,3055,4859,"COD","CD",50507442,327.240142486849,"Africa","low","Major Conflict"
2001,15,51,558,866,1409,1490,2322,"COD","CD",52132646,310.380267408895,"Africa","low","Major Conflict"
2002,755,217,4617,2356,7614,7945,11350,"COD","CD",53750524,309.911785375198,"Africa","low","Major Conflict"
2003,83,37,3077,1127,3753,4324,6020,"COD","CD",55343867,317.778121357431,"Africa","low","Major Conflict"
2004,19,28,735,0,577,782,1069,"COD","CD",56997741,329.3490636773,"Africa","low","Minor Conflict"
2005,2,32,271,0,283,305,339,"COD","CD",58775724,338.980980805364,"Africa","low","Minor Conflict"
2006,35,131,211,13,262,390,588,"COD","CD",60615908,346.179697463638,"Africa","low","Minor Conflict"
2007,92,504,258,25,857,879,927,"COD","CD",62477752,356.886805082139,"Africa","low","Minor Conflict"
2008,338,185,927,290,1740,1740,2150,"COD","CD",64390664,367.843747648712,"Africa","low","Major Conflict"
2009,243,1695,3289,81,5096,5308,6132,"COD","CD",66412044,366.830226544363,"Africa","low","Major Conflict"
2010,48,227,801,12,1064,1088,1144,"COD","CD",68563038,380.578038274352,"Africa","low","Major Conflict"
2011,59,232,196,65,535,552,601,"COD","CD",70849311,393.616173563894,"Africa","low","Minor Conflict"
2012,143,542,590,563,1758,1838,2691,"COD","CD",73254618,407.671076943679,"Africa","low","Major Conflict"
2013,262,956,622,357,2159,2197,2813,"COD","CD",75789395,427.458520350728,"Africa","low","Major Conflict"
2014,274,665,571,114,1548,1624,1963,"COD","CD",78403242,452.339650501681,"Africa","low","Major Conflict"
2015,76,157,501,3,653,737,904,"COD","CD",81035531,467.9145805459,"Africa","low","Minor Conflict"
2016,121,565,737,771,1470,2194,3906,"COD","CD",83956415,462.47214741215,"Africa","low","Major Conflict"
2017,551,1750,1781,1893,5684,5975,8185,"COD","CD",87083398,462.482920889479,"Africa","low","Major Conflict"
2018,714,404,790,1239,2676,3147,3238,"COD","CD",90047644,473.294077418165,"Africa","low","Major Conflict"
2019,408,492,1182,447,2304,2529,2949,"COD","CD",92947442,478.632426258904,"Africa","low","Major Conflict"
2020,579,772,2385,272,3732,4008,4407,"COD","CD",95989998,471.504423341186,"Africa","low","Major Conflict"
2021,417,729,2470,107,3534,3723,3964,"COD","CD",99148932,484.784649973339,"Africa","low","Major Conflict"
2022,636,1335,3709,287,5756,5967,6641,"COD","CD",102396968,511.29926733563,"Africa","low","Major Conflict"
2023,364,371,3014,187,3667,3936,5753,"COD","CD",105789731,537.507995280245,"Africa","low","Major Conflict"
2024,281,324,4295,509,4669,5409,7916,"COD","CD",109276265,555.097201309724,"Africa","low","Major Conflict"
1989,0,6,0,0,6,6,59,"DJI",NA,NA,NA,NA,NA,NA
1990,60,0,0,0,60,60,60,"DJI","DJ",579538,NA,"Africa",NA,"Minor Conflict"
1991,47,13,59,15,134,134,465,"DJI","DJ",631092,NA,"Africa",NA,"Minor Conflict"
1992,44,0,0,85,44,129,767,"DJI","DJ",626010,NA,"Africa",NA,"Minor Conflict"
1993,6,1,2,24,33,33,419,"DJI","DJ",614245,NA,"Africa",NA,"Minor Conflict"
1994,3,0,0,36,39,39,53,"DJI","DJ",626710,NA,"Africa",NA,"Minor Conflict"
1995,5,2,1,10,18,18,66,"DJI","DJ",633074,NA,"Africa",NA,NA
1996,0,0,0,0,0,0,2,"DJI","DJ",648348,NA,"Africa",NA,NA
1997,11,0,0,0,11,11,12,"DJI","DJ",671817,NA,"Africa",NA,NA
1998,3,12,1,0,16,16,19,"DJI","DJ",699352,NA,"Africa",NA,NA
1999,14,2,3,6,25,25,57,"DJI","DJ",724218,NA,"Africa",NA,"Minor Conflict"
2008,9,25,0,1,35,35,44,"DJI","DJ",892734,NA,"Africa",NA,"Minor Conflict"
2014,0,0,1,0,1,1,1,"DJI","DJ",1002717,2253.14082249768,"Africa","middle",NA
2018,0,6,0,0,0,6,6,"DJI","DJ",1071882,2677.1650334451,"Africa","middle",NA
2021,0,0,0,3,3,3,3,"DJI","DJ",1121248,2854.15987035097,"Africa","middle",NA
1990,0,0,4,0,4,4,4,"EGY","EG",58396618,1972.13789303215,"Africa","middle",NA
1992,1,10,2,0,13,13,13,"EGY","EG",61480660,1979.02010131221,"Africa","middle",NA
1993,56,40,10,2,108,108,124,"EGY","EG",62915681,1989.9792002068,"Africa","middle","Minor Conflict"
1994,51,90,20,1,162,162,196,"EGY","EG",64285589,2024.95373805139,"Africa","middle","Minor Conflict"
1995,65,109,53,6,233,233,262,"EGY","EG",65652622,2074.8399114013,"Africa","middle","Minor Conflict"
1996,47,26,75,1,149,149,167,"EGY","EG",67028048,2133.64804177125,"Africa","middle","Minor Conflict"
1997,35,27,81,0,143,143,162,"EGY","EG",68431740,2204.66575942323,"Africa","middle","Minor Conflict"
1998,7,17,5,0,29,29,31,"EGY","EG",69943294,2277.28504834543,"Africa","middle","Minor Conflict"
1999,0,4,0,0,4,4,5,"EGY","EG",71520954,2361.86425101237,"Africa","middle",NA
2000,0,2,0,3,5,5,18,"EGY","EG",73083284,2458.60835003016,"Africa","middle",NA
2004,0,1,34,0,35,35,35,"EGY","EG",79477443,2574.42341789124,"Africa","middle","Minor Conflict"
2005,0,0,88,36,124,124,124,"EGY","EG",81101004,2635.70305227819,"Africa","middle","Minor Conflict"
2006,1,1,0,0,2,2,2,"EGY","EG",82700403,2761.62410769792,"Africa","middle",NA
2008,1,1,0,0,2,2,2,"EGY","EG",85864789,3052.21297844721,"Africa","high",NA
2009,0,1,0,0,1,1,3,"EGY","EG",87501636,3135.09661303014,"Africa","high",NA
2010,1,0,0,0,1,1,1,"EGY","EG",89196072,3233.84521246786,"Africa","high",NA
2011,13,7,0,11,31,31,31,"EGY","EG",91093059,3222.37650111856,"Africa","high","Minor Conflict"
2012,0,1,0,74,75,75,75,"EGY","EG",93161001,3220.99194203067,"Africa","high","Minor Conflict"
2013,9,3,8,115,135,135,139,"EGY","EG",95333553,3216.3783902629,"Africa","high","Minor Conflict"
2014,76,135,2,36,249,249,249,"EGY","EG",97528654,3235.66246235257,"Africa","high","Minor Conflict"
2015,129,628,233,1,977,991,1171,"EGY","EG",99597342,3306.98159414141,"Africa","high","Minor Conflict"
2016,94,269,38,3,404,404,410,"EGY","EG",101644589,3381.22246306207,"Africa","high","Minor Conflict"
2017,148,326,418,10,787,902,1082,"EGY","EG",103696057,3452.90961245539,"Africa","high","Minor Conflict"
2018,75,594,21,2,542,692,695,"EGY","EG",105682094,3568.63966286161,"Africa","high","Minor Conflict"
2019,161,426,75,2,286,664,682,"EGY","EG",107553158,3701.2446345188,"Africa","high","Minor Conflict"
2020,158,326,63,0,226,547,558,"EGY","EG",109315124,3770.86947867421,"Africa","high","Minor Conflict"
2021,69,26,27,2,111,124,216,"EGY","EG",110957008,3837.31992324447,"Africa","high","Minor Conflict"
2022,122,96,13,5,218,236,237,"EGY","EG",112618250,4029.78295457978,"Africa","high","Minor Conflict"
2023,1,0,5,0,6,6,6,"EGY","EG",114535772,4111.3118478995,"Africa","high",NA
1993,1,20,0,0,21,21,21,"ERI","ER",1856006,705.988405158037,"Africa","low",NA
1996,2,0,0,12,14,14,14,"ERI","ER",2128464,838.660572635214,"Africa","low",NA
1997,6,25,0,0,31,31,117,"ERI","ER",2152135,895.033773452053,"Africa","low","Minor Conflict"
1998,2,7,1,782,10,792,10,"ERI","ER",2180419,899.082974199102,"Africa","low","Minor Conflict"
1999,5014,12052,137,0,17203,17203,17417,"ERI","ER",2212780,886.053679218386,"Africa","low","Major Conflict"
2000,1712,80,1,0,1793,1793,1988,"ERI","ER",2247031,845.132430060544,"Africa","low","Major Conflict"
2003,54,3,0,0,57,57,57,"ERI","ER",2493903,830.379672282601,"Africa","low","Minor Conflict"
2008,0,0,0,0,0,0,14,"ERI","ER",2816327,693.398874212494,"Africa","low",NA
2016,0,0,0,25,25,25,200,"ERI","ER",3124698,NA,"Africa",NA,"Minor Conflict"
2022,0,0,0,4,0,4,503,"ERI","ER",3409447,NA,"Africa",NA,NA
1989,23987,44,1015,339,25385,25385,25927,"ETH",NA,NA,NA,NA,NA,"Major Conflict"
1990,48499,346,737,274,49856,49856,52819,"ETH","ET",47609755,277.768887497322,"Africa","low","Major Conflict"
1991,11156,40,212,1032,12437,12440,14156,"ETH","ET",49717198,247.009335840842,"Africa","low","Major Conflict"
1992,172,748,0,106,1026,1026,1386,"ETH","ET",51853747,216.292535524802,"Africa","low","Major Conflict"
1993,97,10,26,0,133,133,136,"ETH","ET",53708891,236.266715425068,"Africa","low","Minor Conflict"
1994,6,1,0,69,76,76,93,"ETH","ET",55611508,235.4623750444,"Africa","low","Minor Conflict"
1995,2,15,0,1026,1019,1043,1429,"ETH","ET",57537335,241.526301068537,"Africa","low","Major Conflict"
1996,5,27,0,33,65,65,196,"ETH","ET",59467635,262.724718922724,"Africa","low","Minor Conflict"
1997,6,3,0,3,12,12,12,"ETH","ET",61404539,262.411339258283,"Africa","low",NA
1998,54,109,9,855,448,1027,2854,"ETH","ET",63363524,245.504476745904,"Africa","low","Major Conflict"
1999,94,626,16,30050,30475,30786,33620,"ETH","ET",65374561,250.235771300168,"Africa","low","Major Conflict"
2000,80,231,0,48355,48641,48666,50100,"ETH","ET",67411494,257.412698845664,"Africa","low","Major Conflict"
2001,57,51,0,280,373,388,1372,"ETH","ET",69487762,270.451435406908,"Africa","low","Minor Conflict"
2002,84,71,35,619,809,809,3058,"ETH","ET",71635517,266.316614456911,"Africa","low","Minor Conflict"
2003,193,147,511,242,1093,1093,1449,"ETH","ET",73832663,252.806674812798,"Africa","low","Major Conflict"
2004,7,87,244,137,450,475,2272,"ETH","ET",76077206,278.648105685268,"Africa","low","Minor Conflict"
2005,40,39,58,153,264,290,1023,"ETH","ET",78367470,302.475022727211,"Africa","low","Minor Conflict"
2006,14,63,20,333,380,430,1450,"ETH","ET",80703490,325.543392093065,"Africa","low","Minor Conflict"
2007,124,96,241,39,475,500,1509,"ETH","ET",83103217,352.360703147015,"Africa","low","Minor Conflict"
2008,18,17,1,275,311,311,852,"ETH","ET",85543668,379.238310448137,"Africa","low","Minor Conflict"
2009,248,313,7,22,590,590,1167,"ETH","ET",88007636,401.068729929542,"Africa","low","Minor Conflict"
2010,1,126,0,25,149,152,2036,"ETH","ET",90538514,438.78661648794,"Africa","low","Minor Conflict"
2011,1,2,1,62,41,66,569,"ETH","ET",93149970,474.159034335212,"Africa","low","Minor Conflict"
2012,226,5,88,72,385,391,1150,"ETH","ET",95798767,500.91935528473,"Africa","low","Minor Conflict"
2013,4,48,11,25,80,88,1017,"ETH","ET",98438751,539.072451759432,"Africa","low","Minor Conflict"
2014,5,0,9,125,139,139,380,"ETH","ET",101115610,578.632922927814,"Africa","low","Minor Conflict"
2015,1,0,258,48,282,307,505,"ETH","ET",103867135,621.845673808133,"Africa","low","Minor Conflict"
2016,10,159,301,59,484,529,929,"ETH","ET",106718162,662.32729587522,"Africa","low","Minor Conflict"
2017,67,94,173,154,470,488,546,"ETH","ET",109666481,706.164227383539,"Africa","low","Minor Conflict"
2018,33,227,248,205,627,713,922,"ETH","ET",112664152,734.227726647201,"Africa","low","Minor Conflict"
2019,36,28,176,185,424,425,639,"ETH","ET",115737383,774.512169656681,"Africa","low","Minor Conflict"
2020,17151,3636,3209,433,24028,24429,26794,"ETH","ET",118917671,799.47559527955,"Africa","low","Major Conflict"
2021,98973,21136,5504,3903,128300,129516,134497,"ETH","ET",122138588,822.305881122416,"Africa","low","Major Conflict"
2022,132995,25773,2442,3815,164719,165025,173192,"ETH","ET",125384287,843.648005300445,"Africa","low","Major Conflict"
2023,510,460,647,729,2281,2346,7858,"ETH","ET",128691692,876.168528913325,"Africa","low","Major Conflict"
2024,485,1791,1367,429,3568,4072,11842,"ETH","ET",132059767,916.294136810201,"Africa","low","Major Conflict"
1996,0,0,0,0,0,0,3,"GMB","GM",1301410,605.40992484126,"Africa","low",NA
2004,0,0,1,0,1,1,1,"GMB","GM",1621312,693.563314497133,"Africa","low",NA
2005,0,0,8,0,8,8,9,"GMB","GM",1667037,658.676285443081,"Africa","low",NA
2012,0,0,1,0,1,1,9,"GMB","GM",2043094,639.139881889048,"Africa","low",NA
2024,0,0,1,0,1,1,1,"GMB","GM",2759988,752.336018219393,"Africa","low",NA
1991,0,0,0,30,30,30,52,"GHA","GH",15787496,878.63570406594,"Africa","low","Minor Conflict"
1992,0,0,0,63,63,63,80,"GHA","GH",16184855,890.313174799419,"Africa","low","Minor Conflict"
1993,1,1,0,0,2,2,2,"GHA","GH",16589519,910.722897752222,"Africa","low",NA
1994,52,380,0,1572,1004,2004,10024,"GHA","GH",16993190,918.428722656692,"Africa","low","Major Conflict"
1995,0,6,0,149,155,155,172,"GHA","GH",17399017,933.895311664356,"Africa","low","Minor Conflict"
2000,0,0,0,30,7,30,68,"GHA","GH",19637087,1022.27520714566,"Africa","middle","Minor Conflict"
2001,4,0,0,46,50,50,50,"GHA","GH",20167069,1035.22666053257,"Africa","middle","Minor Conflict"
2002,0,0,0,36,25,36,40,"GHA","GH",20729388,1052.46591644399,"Africa","middle","Minor Conflict"
2008,2,1,9,43,54,55,57,"GHA","GH",24249946,1282.63416886747,"Africa","middle","Minor Conflict"
2009,1,1,0,6,8,8,13,"GHA","GH",24862664,1311.63053760125,"Africa","middle",NA
2010,0,0,0,1,0,1,1,"GHA","GH",25474995,1381.2279503506,"Africa","middle",NA
2022,0,0,0,16,16,16,19,"GHA","GH",33149152,2067.20895910766,"Africa","middle",NA
2023,7,2,1,5,9,15,24,"GHA","GH",33787914,2091.8133564595,"Africa","middle",NA
2024,0,0,0,7,7,7,13,"GHA","GH",34427414,2169.66527337072,"Africa","middle",NA
1994,0,0,0,0,0,0,30,"GIN","GN",7345107,555.962782286148,"Africa","low",NA
1996,0,0,27,0,27,27,27,"GIN","GN",7770035,574.302865750492,"Africa","low","Minor Conflict"
1998,0,0,12,0,12,12,12,"GIN","GN",8081990,601.907993085373,"Africa","low",NA
1999,0,0,13,0,13,13,13,"GIN","GN",8265123,611.007685844967,"Africa","low",NA
2000,9,77,124,46,221,256,564,"GIN","GN",8428832,614.137235083638,"Africa","low","Minor Conflict"
2001,5,420,0,5,430,430,730,"GIN","GN",8539960,628.320554864936,"Africa","low","Minor Conflict"
2005,0,0,3,0,0,3,3,"GIN","GN",9245844,651.359606871604,"Africa","low",NA
2006,0,0,15,0,15,15,39,"GIN","GN",9441171,645.472001923653,"Africa","low",NA
2007,0,0,45,0,42,45,56,"GIN","GN",9662281,673.698997420626,"Africa","low","Minor Conflict"
2009,0,0,160,0,159,160,160,"GIN","GN",10143534,660.756701330284,"Africa","low","Minor Conflict"
2010,0,0,1,0,1,1,1,"GIN","GN",10396086,675.736917327708,"Africa","low",NA
2011,0,0,0,25,25,25,36,"GIN","GN",10656810,696.199991395571,"Africa","low","Minor Conflict"
2012,0,0,9,0,9,9,9,"GIN","GN",10921581,719.505916794546,"Africa","low",NA
2013,0,0,0,98,98,98,98,"GIN","GN",11191873,729.833143236326,"Africa","low","Minor Conflict"
2015,0,0,3,0,3,3,3,"GIN","GN",11767070,747.356966759448,"Africa","low",NA
2019,0,0,1,0,1,1,1,"GIN","GN",13034346,926.42221954853,"Africa","low",NA
2020,0,0,0,49,49,49,49,"GIN","GN",13371183,945.570903389665,"Africa","low","Minor Conflict"
2021,0,0,0,1,1,1,1,"GIN","GN",13710513,973.646890096159,"Africa","low",NA
1992,0,0,2,0,2,2,2,"GNB","GW",1024356,574.852002556155,"Africa","low",NA
1998,51,213,111,130,501,505,702,"GNB","GW",1187473,502.81554020706,"Africa","low","Minor Conflict"
1999,0,0,0,199,154,199,225,"GNB","GW",1210206,576.330795296558,"Africa","low","Minor Conflict"
2000,0,0,0,0,0,0,5,"GNB","GW",1234741,571.094015178625,"Africa","low",NA
1990,8,0,1,0,8,9,9,"CIV","CI",12189778,1866.0785698741,"Africa","middle",NA
1991,0,0,0,0,0,0,3,"CIV","CI",12683870,1794.12062566918,"Africa","middle",NA
1993,0,0,1,0,1,1,1,"CIV","CI",13735951,1649.47036183619,"Africa","middle",NA
1994,0,0,4,0,4,4,4,"CIV","CI",14287201,1598.69239055813,"Africa","middle",NA
1995,0,0,5,32,37,37,205,"CIV","CI",14855565,1647.08777075504,"Africa","middle","Minor Conflict"
1996,0,0,19,16,35,35,40,"CIV","CI",15442312,1706.97650014485,"Africa","middle","Minor Conflict"
1998,0,0,0,0,0,0,1,"CIV","CI",16663948,1808.42289027986,"Africa","middle",NA
1999,0,0,0,0,0,0,2,"CIV","CI",17215935,1770.86540389357,"Africa","middle",NA
2000,0,0,101,31,132,132,152,"CIV","CI",17699004,1717.95385651231,"Africa","middle","Minor Conflict"
2001,1,1,0,0,2,2,2,"CIV","CI",18178913,1636.57318705218,"Africa","middle",NA
2002,178,72,429,384,932,1063,1114,"CIV","CI",18654771,1551.27925902838,"Africa","middle","Major Conflict"
2003,0,102,322,69,493,493,936,"CIV","CI",19125542,1441.58801755037,"Africa","middle","Minor Conflict"
2004,37,55,68,144,300,304,380,"CIV","CI",19595000,1451.86547141894,"Africa","middle","Minor Conflict"
2005,21,49,9,74,146,153,259,"CIV","CI",20068458,1431.73320203111,"Africa","middle","Minor Conflict"
2006,1,1,8,1,11,11,15,"CIV","CI",20546802,1437.77453798586,"Africa","middle",NA
2007,0,0,3,0,3,3,3,"CIV","CI",21030558,1420.1738958245,"Africa","middle",NA
2008,0,0,4,0,4,4,4,"CIV","CI",21514439,1454.62731800082,"Africa","middle",NA
2009,0,0,1,0,1,1,1,"CIV","CI",21997940,1473.9183699329,"Africa","middle",NA
2010,0,7,49,24,76,80,179,"CIV","CI",22488065,1540.52927270246,"Africa","middle","Minor Conflict"
2011,63,30,1067,96,1151,1256,1503,"CIV","CI",22982000,1426.46463864534,"Africa","middle","Major Conflict"
2012,0,0,19,2,20,21,21,"CIV","CI",23467078,1503.43433046682,"Africa","middle",NA
2013,0,0,4,0,4,4,6,"CIV","CI",23939775,1632.32712787006,"Africa","middle",NA
2016,0,0,16,33,49,49,49,"CIV","CI",25989405,1889.27777949938,"Africa","middle","Minor Conflict"
2020,0,0,3,0,3,3,3,"CIV","CI",28915449,2055.08483996432,"Africa","middle",NA
1989,60,0,3,0,63,63,135,"KEN",NA,NA,NA,NA,NA,"Minor Conflict"
1990,0,0,7,0,2,7,7,"KEN","KE",22892651,1329.33312766232,"Africa","middle",NA
1991,2,15,0,0,17,17,17,"KEN","KE",23646514,1305.46415701447,"Africa","middle",NA
1992,16,4,9,130,159,159,208,"KEN","KE",24382460,1255.93870622359,"Africa","middle","Minor Conflict"
1993,172,78,1,36,256,287,287,"KEN","KE",25117188,1223.50616725762,"Africa","middle","Minor Conflict"
1994,5,8,6,15,34,34,52,"KEN","KE",25857130,1219.7841113305,"Africa","middle","Minor Conflict"
1995,10,2,4,44,60,60,61,"KEN","KE",26601751,1237.88250467675,"Africa","middle","Minor Conflict"
1996,23,0,3,144,170,170,195,"KEN","KE",27344211,1254.21025248674,"Africa","middle","Minor Conflict"
1997,8,124,14,66,212,212,217,"KEN","KE",28101768,1226.19542113337,"Africa","middle","Minor Conflict"
1998,35,156,1,130,322,322,459,"KEN","KE",28888057,1232.06658106635,"Africa","middle","Minor Conflict"
1999,85,33,0,111,168,229,231,"KEN","KE",29733408,1224.63404639886,"Africa","middle","Minor Conflict"
2000,108,77,11,65,261,261,261,"KEN","KE",30642890,1195.41296851656,"Africa","middle","Minor Conflict"
2001,30,5,32,125,192,192,225,"KEN","KE",31619170,1202.29348759987,"Africa","middle","Minor Conflict"
2002,0,22,13,10,45,45,45,"KEN","KE",32629808,1171.4262517349,"Africa","middle","Minor Conflict"
2003,3,0,0,4,7,7,7,"KEN","KE",33652223,1169.14433674051,"Africa","middle",NA
2004,0,10,0,10,20,20,20,"KEN","KE",34713455,1191.25443604556,"Africa","middle",NA
2005,68,81,7,59,212,215,318,"KEN","KE",35796484,1223.44738472019,"Africa","middle","Minor Conflict"
2006,113,41,24,41,218,219,225,"KEN","KE",36904008,1263.54164666211,"Africa","middle","Minor Conflict"
2007,4,6,134,56,200,200,262,"KEN","KE",38036349,1309.91092948216,"Africa","middle","Minor Conflict"
2008,102,81,299,301,758,783,893,"KEN","KE",39206351,1273.77226103073,"Africa","middle","Minor Conflict"
2009,16,44,40,70,162,170,216,"KEN","KE",40408891,1276.73503486074,"Africa","middle","Minor Conflict"
2010,33,54,0,0,87,87,88,"KEN","KE",41598567,1340.16467408856,"Africa","middle","Minor Conflict"
2011,16,64,9,55,134,144,169,"KEN","KE",42758461,1370.58000874482,"Africa","middle","Minor Conflict"
2012,102,66,34,107,305,309,383,"KEN","KE",43888303,1396.30178709756,"Africa","middle","Minor Conflict"
2013,57,33,77,100,253,267,459,"KEN","KE",44986791,1413.94142522583,"Africa","middle","Minor Conflict"
2014,43,46,140,115,331,344,499,"KEN","KE",46051440,1450.59338202277,"Africa","middle","Minor Conflict"
2015,32,33,167,157,387,389,533,"KEN","KE",47088526,1489.11959777284,"Africa","middle","Minor Conflict"
2016,21,36,36,37,126,130,187,"KEN","KE",48139687,1517.97796057742,"Africa","middle","Minor Conflict"
2017,61,36,83,48,226,228,269,"KEN","KE",49197766,1542.33773973372,"Africa","middle","Minor Conflict"
2018,62,33,38,31,151,164,245,"KEN","KE",50207107,1596.69045914945,"Africa","middle","Minor Conflict"
2019,47,34,34,73,155,188,230,"KEN","KE",51202827,1645.70961777862,"Africa","middle","Minor Conflict"
2020,28,63,40,20,150,151,200,"KEN","KE",52217334,1609.33414078281,"Africa","middle","Minor Conflict"
2021,24,37,27,47,135,135,239,"KEN","KE",53219166,1698.89578271444,"Africa","middle","Minor Conflict"
2022,12,37,41,11,100,101,178,"KEN","KE",54252461,1747.53198804428,"Africa","middle","Minor Conflict"
2023,73,111,28,12,219,224,259,"KEN","KE",55339003,1808.40479129677,"Africa","middle","Minor Conflict"
2024,18,32,26,36,96,112,115,"KEN","KE",56432944,1853.08785477603,"Africa","middle","Minor Conflict"
1989,0,0,2,0,2,2,2,"SWZ",NA,NA,NA,NA,NA,NA
2019,0,0,1,0,1,1,5,"SWZ","SZ",1179874,3742.38415901165,"Africa","high",NA
2020,0,0,2,0,1,2,2,"SWZ","SZ",1192729,3596.06416104047,"Africa","high",NA
2021,0,0,48,0,22,48,83,"SWZ","SZ",1206593,3676.8490229898,"Africa","high","Minor Conflict"
2022,0,0,2,0,1,2,2,"SWZ","SZ",1218917,3680.42326804666,"Africa","high",NA
2023,0,0,3,0,3,3,3,"SWZ","SZ",1230506,3771.33819773849,"Africa","high",NA
1998,9,18,41,10,78,78,78,"LSO","LS",1998049,696.935973937753,"Africa","low","Minor Conflict"
1989,21,3,18,3,45,45,45,"LBR",NA,NA,NA,NA,NA,"Minor Conflict"
1990,125,154,3388,62,3729,3729,4279,"LBR","LR",2223667,754.134009462384,"Africa","low","Major Conflict"
1991,303,3,272,0,578,578,581,"LBR","LR",1956518,735.180658658157,"Africa","low","Minor Conflict"
1992,29,14,410,0,453,453,2109,"LBR","LR",2072461,450.538677691808,"Africa","low","Minor Conflict"
1993,1,104,2563,5,2673,2673,2897,"LBR","LR",2155126,290.388920233659,"Africa","low","Major Conflict"
1994,107,41,3733,286,4166,4167,5165,"LBR","LR",2149928,227.742776021788,"Africa","low","Major Conflict"
1995,0,2,2282,6,2290,2290,2329,"LBR","LR",2169162,216.093554614513,"Africa","low","Major Conflict"
1996,31,3,1112,1931,1424,3077,4082,"LBR","LR",2232289,235.435058248512,"Africa","low","Major Conflict"
1997,0,0,13,0,13,13,13,"LBR","LR",2412989,449.286058616964,"Africa","low",NA
1998,0,0,13,0,13,13,13,"LBR","LR",2670124,528.670341826706,"Africa","low",NA
1999,0,0,70,0,70,70,70,"LBR","LR",2821684,609.040903258705,"Africa","low","Minor Conflict"
2000,57,0,44,0,101,101,101,"LBR","LR",2928117,754.850917360951,"Africa","low","Minor Conflict"
2001,40,16,149,276,481,481,491,"LBR","LR",3015338,754.422355762017,"Africa","low","Minor Conflict"
2002,242,98,1812,107,2158,2259,2284,"LBR","LR",3094782,762.716393927064,"Africa","low","Major Conflict"
2003,60,105,1960,1156,3281,3281,3381,"LBR","LR",3119532,528.567395543421,"Africa","low","Major Conflict"
2019,0,0,0,1,1,1,1,"LBR","LR",5043721,636.699384824869,"Africa","low",NA
2020,0,0,2,0,2,2,2,"LBR","LR",5149463,605.025475431411,"Africa","low",NA
2024,0,0,1,0,1,1,1,"LBR","LR",5612817,670.031389616245,"Africa","low",NA
2008,1,5,0,0,6,6,6,"LBY","LY",6235430,13403.0004645911,"Africa","high",NA
2011,901,955,242,1816,3874,3914,6453,"LBY","LY",6343203,6569.59477578957,"Africa","high","Major Conflict"
2012,75,165,0,138,378,378,406,"LBY","LY",6179328,12599.258882136,"Africa","high","Minor Conflict"
2013,24,3,0,9,22,36,66,"LBY","LY",6304628,10126.314927806,"Africa","high","Minor Conflict"
2014,205,149,129,972,1446,1455,1539,"LBY","LY",6427252,7644.24843947404,"Africa","high","Major Conflict"
2015,419,598,275,302,1517,1594,1688,"LBY","LY",6531819,7458.48917756374,"Africa","high","Major Conflict"
2016,1010,1073,38,228,2241,2349,3526,"LBY","LY",6632126,7236.16409923502,"Africa","high","Major Conflict"
2017,243,570,62,221,1006,1096,1277,"LBY","LY",6738770,9435.60060040046,"Africa","high","Major Conflict"
2018,185,254,81,150,638,670,821,"LBY","LY",6849055,10020.9165751361,"Africa","high","Minor Conflict"
2019,255,344,289,898,1511,1786,1871,"LBY","LY",6951033,8768.4104874586,"Africa","high","Major Conflict"
2020,173,345,135,37,579,690,806,"LBY","LY",7045399,6102.79864032512,"Africa","high","Minor Conflict"
2021,3,9,0,0,12,12,15,"LBY","LY",7135175,7733.39007562927,"Africa","high",NA
2022,6,7,0,0,13,13,17,"LBY","LY",7223805,7008.20648391963,"Africa","high",NA
2023,0,2,0,0,2,2,2,"LBY","LY",7305659,7633.45142779936,"Africa","high",NA
2024,2,0,0,0,2,2,3,"LBY","LY",7381023,7509.73626794098,"Africa","high",NA
2002,27,27,8,17,79,79,79,"MDG","MG",17549913,406.70122213637,"Africa","low","Minor Conflict"
2009,0,0,31,82,83,113,169,"MDG","MG",21547280,457.789754866068,"Africa","low","Minor Conflict"
2012,0,0,15,0,15,15,15,"MDG","MG",23462438,442.641500123543,"Africa","low",NA
2017,0,0,1,0,1,1,1,"MDG","MG",26788375,456.851859574031,"Africa","low",NA
2019,0,0,3,0,3,3,14,"MDG","MG",28219554,467.27741349648,"Africa","low",NA
2020,0,0,23,0,3,23,23,"MDG","MG",28953556,422.924255422319,"Africa","low",NA
1990,429,28,125,0,582,582,729,"MLI","ML",9178830,504.114585263011,"Africa","low","Minor Conflict"
1991,1,58,185,3,191,247,354,"MLI","ML",9362888,552.249908754393,"Africa","low","Minor Conflict"
1992,9,0,77,0,86,86,128,"MLI","ML",9553540,523.808780982775,"Africa","low","Minor Conflict"
1993,0,0,0,0,0,0,3,"MLI","ML",9754786,529.275647266229,"Africa","low",NA
1994,8,75,596,50,729,729,1590,"MLI","ML",9967031,537.585120448336,"Africa","low","Minor Conflict"
1995,0,0,2,2,11,4,17,"MLI","ML",10185365,530.906562069966,"Africa","low",NA
1997,22,0,0,0,22,22,22,"MLI","ML",10646495,570.006386255312,"Africa","low",NA
1999,0,0,0,59,59,59,77,"MLI","ML",11227415,614.586994870732,"Africa","low","Minor Conflict"
2002,0,5,0,0,5,5,5,"MLI","ML",12288050,667.601809829487,"Africa","low",NA
2004,15,5,0,0,20,20,20,"MLI","ML",13102409,693.861121985899,"Africa","low",NA
2005,0,0,0,12,12,12,14,"MLI","ML",13538647,721.897987084722,"Africa","low",NA
2007,4,23,12,0,39,39,39,"MLI","ML",14457775,748.926158364864,"Africa","low","Minor Conflict"
2008,64,37,11,1,113,113,128,"MLI","ML",14940782,772.091975202052,"Africa","low","Minor Conflict"
2009,48,78,1,0,94,127,133,"MLI","ML",15435539,781.972286784084,"Africa","low","Minor Conflict"
2010,8,18,2,0,26,28,40,"MLI","ML",15945198,809.373887616452,"Africa","low","Minor Conflict"
2011,2,17,4,0,23,23,23,"MLI","ML",16469049,815.12426700512,"Africa","low",NA
2012,135,132,24,68,350,359,735,"MLI","ML",16957033,787.149724118126,"Africa","low","Minor Conflict"
2013,91,702,58,30,881,881,1074,"MLI","ML",17459615,782.702450304467,"Africa","low","Minor Conflict"
2014,90,142,3,56,289,291,396,"MLI","ML",18020267,816.004655542979,"Africa","low","Minor Conflict"
2015,107,126,17,6,245,256,346,"MLI","ML",18593022,838.11986940103,"Africa","low","Minor Conflict"
2016,109,27,35,27,197,198,291,"MLI","ML",19191289,860.75307554569,"Africa","low","Minor Conflict"
2017,261,232,82,37,592,612,890,"MLI","ML",19813011,878.561348378099,"Africa","low","Minor Conflict"
2018,199,390,584,108,1179,1281,1501,"MLI","ML",20442030,892.978322787306,"Africa","low","Major Conflict"
2019,395,278,528,26,1182,1227,1527,"MLI","ML",21068405,909.751069706998,"Africa","low","Major Conflict"
2020,337,321,552,333,1432,1543,1736,"MLI","ML",21713836,872.389721102137,"Africa","low","Major Conflict"
2021,495,494,269,29,1232,1287,1538,"MLI","ML",22388630,872.332803686266,"Africa","low","Major Conflict"
2022,603,921,1804,328,3540,3656,4462,"MLI","ML",23072640,876.168301872624,"Africa","low","Major Conflict"
2023,552,553,759,254,2087,2118,2897,"MLI","ML",23769127,890.613872535228,"Africa","low","Major Conflict"
2024,505,506,759,131,1783,1901,2644,"MLI","ML",24478595,908.080398043774,"Africa","low","Major Conflict"
1989,0,100,26,2,126,128,533,"MRT",NA,NA,NA,NA,NA,"Minor Conflict"
1990,0,0,29,0,29,29,229,"MRT","MR",1951878,1437.75048235693,"Africa","middle","Minor Conflict"
1992,0,0,0,0,0,0,1,"MRT","MR",2088135,1393.6010549879,"Africa","middle",NA
2007,0,0,4,0,4,4,4,"MRT","MR",3093059,1563.60628765192,"Africa","middle",NA
2008,11,0,0,1,12,12,12,"MRT","MR",3183269,1514.2655013629,"Africa","middle",NA
2009,0,0,1,0,1,1,1,"MRT","MR",3284448,1469.05426880813,"Africa","middle",NA
2010,0,1,0,0,1,1,1,"MRT","MR",3390965,1460.19179652873,"Africa","middle",NA
2011,1,11,1,0,9,13,33,"MRT","MR",3502811,1472.55245572229,"Africa","middle",NA
2012,0,0,1,0,1,1,1,"MRT","MR",3619034,1488.97177557214,"Africa","middle",NA
2019,0,0,1,0,1,1,1,"MRT","MR",4467708,1605.1352359742,"Africa","middle",NA
2020,0,0,0,0,0,0,1,"MRT","MR",4600131,1553.30615586591,"Africa","middle",NA
2023,3,3,0,0,6,6,6,"MRT","MR",5022441,1630.27171808744,"Africa","middle",NA
2024,0,0,3,0,3,3,3,"MRT","MR",5169395,1666.29104198888,"Africa","middle",NA
1989,80,127,0,0,207,207,378,"MAR",NA,NA,NA,NA,NA,"Minor Conflict"
1991,0,0,0,19,19,19,21,"MAR","MA",24799014,1786.76281738281,"Africa","middle",NA
2003,0,0,34,0,34,34,34,"MAR","MA",29571415,2229.576171875,"Africa","middle","Minor Conflict"
2011,0,0,17,0,17,17,17,"MAR","MA",32912588,2879.53930664063,"Africa","middle",NA
2020,2,0,0,0,2,2,2,"MAR","MA",36584208,3090.89428710938,"Africa","high",NA
2021,0,3,3,0,6,6,34,"MAR","MA",36954442,3309.130859375,"Africa","high",NA
2022,0,8,3,3,14,14,14,"MAR","MA",37329064,3325.560546875,"Africa","high",NA
2023,0,4,0,1,5,5,5,"MAR","MA",37712505,3403.31982421875,"Africa","high",NA
2024,0,7,0,0,7,7,7,"MAR","MA",38081173,3478.99462890625,"Africa","high",NA
1989,57,1072,412,11,1547,1552,4177,"MOZ",NA,NA,NA,NA,NA,"Major Conflict"
1990,166,301,182,1110,509,1759,1825,"MOZ","MZ",13094537,221.048981086396,"Africa","low","Major Conflict"
1991,129,1264,563,5,1000,1961,3057,"MOZ","MZ",13352090,227.4627362365,"Africa","low","Major Conflict"
1992,60,25,436,0,521,521,773,"MOZ","MZ",13613316,206.194607588583,"Africa","low","Minor Conflict"
1993,0,0,2,0,2,2,2,"MOZ","MZ",14051192,221.624579964898,"Africa","low",NA
1994,0,0,2,0,2,2,2,"MOZ","MZ",15033853,220.478583291331,"Africa","low",NA
1995,0,0,1,0,1,1,1,"MOZ","MZ",15960530,212.086249862904,"Africa","low",NA
2004,1,0,0,0,1,1,1,"MOZ","MZ",19840313,377.064958084878,"Africa","low",NA
2005,0,0,1,12,13,13,13,"MOZ","MZ",20304569,391.699758163976,"Africa","low",NA
2010,0,0,7,0,7,7,7,"MOZ","MZ",22999235,494.162859074785,"Africa","low",NA
2012,1,1,0,0,2,2,2,"MOZ","MZ",24337846,540.2945177803,"Africa","low",NA
2013,29,5,6,5,32,45,119,"MOZ","MZ",25051611,559.393953685688,"Africa","low","Minor Conflict"
2014,21,3,3,6,25,33,38,"MOZ","MZ",25788475,585.266716133984,"Africa","low","Minor Conflict"
2016,14,22,16,16,58,68,77,"MOZ","MZ",27337105,620.779714954555,"Africa","low","Minor Conflict"
2017,0,0,3,0,3,3,7,"MOZ","MZ",28166393,618.397694360334,"Africa","low",NA
2018,6,17,120,28,164,171,179,"MOZ","MZ",29018644,621.153734194787,"Africa","low","Minor Conflict"
2019,98,159,321,19,540,597,638,"MOZ","MZ",29884380,617.13932000195,"Africa","low","Minor Conflict"
2020,337,401,808,81,1212,1627,2066,"MOZ","MZ",30783688,591.804059985932,"Africa","low","Major Conflict"
2021,173,456,1087,202,1446,1918,2276,"MOZ","MZ",31707800,588.215854695416,"Africa","low","Major Conflict"
2022,133,193,347,44,466,717,1042,"MOZ","MZ",32656246,596.058889461466,"Africa","low","Minor Conflict"
2023,90,103,75,3,151,271,405,"MOZ","MZ",33635160,610.174972826279,"Africa","low","Minor Conflict"
2024,78,82,343,19,409,522,770,"MOZ","MZ",34631766,603.589744478104,"Africa","low","Minor Conflict"
1994,0,0,0,0,0,0,3,"NAM","NA",1556304,2918.37740296161,"Africa","middle",NA
1996,0,0,2,0,2,2,2,"NAM","NA",1646103,2958.24060697383,"Africa","middle",NA
1999,1,0,0,0,1,1,1,"NAM","NA",1776368,3050.46098873323,"Africa","high",NA
2000,40,14,6,0,60,60,79,"NAM","NA",1818647,3083.59657884697,"Africa","high","Minor Conflict"
2002,0,0,0,0,0,0,5,"NAM","NA",1889970,3145.94566281247,"Africa","high",NA
1989,0,0,170,0,170,170,170,"NER",NA,NA,NA,NA,NA,"Minor Conflict"
1990,0,0,200,0,63,200,603,"NER","NE",8286059,465.923889536505,"Africa","low","Minor Conflict"
1991,15,18,0,7,40,40,153,"NER","NE",8546900,449.719266854731,"Africa","low","Minor Conflict"
1992,5,23,1,0,29,29,29,"NER","NE",8817633,444.632775312455,"Africa","low","Minor Conflict"
1993,3,3,0,0,6,6,20,"NER","NE",9100789,432.184449587188,"Africa","low",NA
1994,11,38,1,0,50,50,97,"NER","NE",9398258,426.267506763664,"Africa","low","Minor Conflict"
1995,22,12,33,0,65,67,67,"NER","NE",9714529,422.523153898523,"Africa","low","Minor Conflict"
1996,5,7,1,1,14,14,54,"NER","NE",10044852,409.039358698404,"Africa","low",NA
1997,12,55,1,13,81,81,114,"NER","NE",10383969,401.724988110363,"Africa","low","Minor Conflict"
1998,0,0,147,0,147,147,148,"NER","NE",10741413,427.086030331896,"Africa","low","Minor Conflict"
2004,0,4,0,0,4,4,4,"NER","NE",13265836,393.398781453199,"Africa","low",NA
2007,61,15,22,0,98,98,134,"NER","NE",14803610,413.419126261066,"Africa","low","Minor Conflict"
2008,21,17,10,20,68,68,125,"NER","NE",15361915,429.195542798877,"Africa","low","Minor Conflict"
2012,1,0,0,0,1,1,1,"NER","NE",17836769,463.066265496402,"Africa","low",NA
2013,25,5,1,0,31,31,31,"NER","NE",18519898,469.690214200878,"Africa","low","Minor Conflict"
2014,2,3,0,0,5,5,5,"NER","NE",19215909,482.74524741946,"Africa","low",NA
2015,79,239,204,11,493,533,702,"NER","NE",19939498,485.662574175279,"Africa","low","Minor Conflict"
2016,62,212,25,0,299,299,306,"NER","NE",20685753,495.017437216008,"Africa","low","Minor Conflict"
2017,59,161,28,0,248,248,255,"NER","NE",21435446,501.615305462902,"Africa","low","Minor Conflict"
2018,28,50,77,26,175,181,253,"NER","NE",22188069,519.546993483886,"Africa","low","Minor Conflict"
2019,184,97,172,1,448,454,503,"NER","NE",22947757,532.186024570389,"Africa","low","Minor Conflict"
2020,141,384,293,2,793,820,932,"NER","NE",23717613,533.194328910254,"Africa","low","Minor Conflict"
2021,154,288,651,37,927,1130,1245,"NER","NE",24502140,523.263179518652,"Africa","low","Major Conflict"
2022,67,430,111,56,538,664,732,"NER","NE",25311973,566.797962983866,"Africa","low","Minor Conflict"
2023,150,182,165,16,447,513,910,"NER","NE",26159867,557.572652727864,"Africa","low","Minor Conflict"
2024,578,298,286,60,1075,1222,1650,"NER","NE",27032412,585.01634755044,"Africa","low","Major Conflict"
1990,0,0,80,9,89,89,89,"NGA","NG",97120925,1577.1961662774,"Africa","middle","Minor Conflict"
1991,200,0,0,180,330,380,1600,"NGA","NG",99720162,1541.59066261036,"Africa","middle","Minor Conflict"
1992,0,0,1,942,712,943,3316,"NGA","NG",102372770,1571.1902261783,"Africa","middle","Minor Conflict"
1993,2,95,3,1085,1185,1185,1190,"NGA","NG",105122069,1498.95895037787,"Africa","middle","Major Conflict"
1994,0,2,56,32,80,90,146,"NGA","NG",107935714,1433.3886109229,"Africa","middle","Minor Conflict"
1995,0,0,1,0,1,1,1,"NGA","NG",110819428,1395.07488456856,"Africa","middle",NA
1996,0,0,5,82,47,87,87,"NGA","NG",113754779,1416.10189471212,"Africa","middle","Minor Conflict"
1997,182,168,4,241,595,595,611,"NGA","NG",116754792,1420.23877961207,"Africa","middle","Minor Conflict"
1998,4,0,42,311,357,357,438,"NGA","NG",119846254,1419.31770917955,"Africa","middle","Minor Conflict"
1999,17,3,2505,994,3196,3519,3786,"NGA","NG",123047320,1390.46921139078,"Africa","middle","Major Conflict"
2000,1,3,42,2058,1592,2104,5877,"NGA","NG",126382494,1421.67987952013,"Africa","middle","Major Conflict"
2001,76,17,386,1958,2433,2437,4673,"NGA","NG",129862595,1465.45720342309,"Africa","middle","Major Conflict"
2002,8,21,119,481,544,629,927,"NGA","NG",133471989,1644.39518877632,"Africa","middle","Minor Conflict"
2003,34,64,134,217,449,449,541,"NGA","NG",137202644,1717.2145111176,"Africa","middle","Minor Conflict"
2004,312,820,61,943,1756,2136,2487,"NGA","NG",141057045,1824.80269456773,"Africa","middle","Major Conflict"
2005,5,20,9,199,183,233,256,"NGA","NG",145017253,1889.25175325817,"Africa","middle","Minor Conflict"
2006,53,70,19,89,226,231,368,"NGA","NG",149077334,1949.15856804565,"Africa","middle","Minor Conflict"
2007,11,0,5,141,157,157,159,"NGA","NG",153267261,2020.83316299454,"Africa","middle","Minor Conflict"
2008,0,0,147,285,432,432,440,"NGA","NG",157595014,2098.28339220667,"Africa","middle","Minor Conflict"
2009,22,236,18,257,529,533,1018,"NGA","NG",162049464,2204.6072560373,"Africa","middle","Minor Conflict"
2010,203,484,97,196,902,980,1651,"NGA","NG",166642886,2315.46676509662,"Africa","middle","Minor Conflict"
2011,252,451,191,937,1742,1831,2770,"NGA","NG",171379598,2370.97657091803,"Africa","middle","Major Conflict"
2012,244,463,894,421,1843,2022,2459,"NGA","NG",176200625,2403.65387896923,"Africa","middle","Major Conflict"
2013,451,1502,864,574,3210,3391,4172,"NGA","NG",181049443,2495.34106573748,"Africa","middle","Major Conflict"
2014,1382,3342,5256,366,10175,10346,12679,"NGA","NG",185896915,2583.6155695814,"Africa","middle","Major Conflict"
2015,759,3463,3789,1110,8941,9121,11016,"NGA","NG",190671878,2585.73360671797,"Africa","middle","Major Conflict"
2016,518,2387,652,392,3933,3949,4450,"NGA","NG",195443700,2481.81490350326,"Africa","middle","Major Conflict"
2017,582,1688,904,415,3556,3589,4492,"NGA","NG",200254579,2441.71236404487,"Africa","middle","Major Conflict"
2018,769,1477,581,416,2919,3243,4190,"NGA","NG",204938755,2431.77857832567,"Africa","middle","Major Conflict"
2019,559,1090,485,321,2197,2455,3573,"NGA","NG",209485641,2431.53528472982,"Africa","middle","Major Conflict"
2020,621,1608,581,269,2674,3079,4357,"NGA","NG",213996181,2337.57587388074,"Africa","middle","Major Conflict"
2021,526,1761,276,608,2736,3171,4790,"NGA","NG",218529286,2372.57314465346,"Africa","middle","Major Conflict"
2022,388,1690,418,421,2268,2917,4132,"NGA","NG",223150896,2398.98622787065,"Africa","middle","Major Conflict"
2023,267,2379,388,937,3356,3971,5166,"NGA","NG",227882945,2416.36198205178,"Africa","middle","Major Conflict"
2024,432,1454,525,759,2423,3170,3521,"NGA","NG",232679478,2447.63869665864,"Africa","middle","Major Conflict"
1990,195,879,1021,552,2619,2647,4363,"RWA","RW",7375307,368.219602681015,"Africa","low","Major Conflict"
1991,129,24,932,17,1099,1102,3426,"RWA","RW",7526966,351.728543069516,"Africa","low","Major Conflict"
1992,41,9,560,37,647,647,1977,"RWA","RW",7683266,364.809207173189,"Africa","low","Minor Conflict"
1993,21,0,642,314,977,977,4534,"RWA","RW",7981132,322.716818934721,"Africa","low","Minor Conflict"
1994,1072,29,771118,244,347614,772463,1612663,"RWA","RW",6792352,188.65827860434,"Africa","low","Major Conflict"
1995,0,0,4232,0,2176,4232,8981,"RWA","RW",5674118,305.38782467458,"Africa","low","Major Conflict"
1996,5,115,754,2,831,876,1198,"RWA","RW",6708764,291.210840684797,"Africa","low","Minor Conflict"
1997,71,412,6307,411,6758,7201,9277,"RWA","RW",7755238,286.805194657672,"Africa","low","Major Conflict"
1998,27,1057,690,0,1772,1774,2635,"RWA","RW",8081681,299.60113990408,"Africa","low","Major Conflict"
1999,0,0,0,29,29,29,31,"RWA","RW",8147912,310.098130415931,"Africa","low","Minor Conflict"
2001,16,2000,1,27,349,2044,2074,"RWA","RW",8287094,358.446058940421,"Africa","low","Major Conflict"
2004,0,16,0,0,16,16,20,"RWA","RW",8816844,418.780997568334,"Africa","low",NA
2009,0,0,2,0,1,2,2,"RWA","RW",10060432,557.397805246373,"Africa","low",NA
2011,0,0,0,0,0,0,2,"RWA","RW",10573733,614.539650549868,"Africa","low",NA
2012,1,10,2,0,9,13,14,"RWA","RW",10829901,651.852819118597,"Africa","low",NA
2013,0,0,1,3,4,4,5,"RWA","RW",11093340,666.408789246049,"Africa","low",NA
2016,0,0,27,0,26,27,27,"RWA","RW",11919183,759.606288682716,"Africa","low","Minor Conflict"
2017,0,0,10,0,10,10,10,"RWA","RW",12202060,771.069238049151,"Africa","low",NA
2018,2,7,9,0,18,18,19,"RWA","RW",12487996,817.578437867905,"Africa","low",NA
2019,0,19,0,0,19,19,19,"RWA","RW",12776103,874.639659543485,"Africa","low",NA
2021,0,7,0,0,7,7,7,"RWA","RW",13355260,896.271034197517,"Africa","low",NA
2022,1,4,3,0,8,8,8,"RWA","RW",13651030,948.413687606773,"Africa","low",NA
2024,1,0,0,0,1,1,6,"RWA","RW",14256567,1070.45003845277,"Africa","middle",NA
1989,117,2,2,0,121,121,137,"SEN",NA,NA,NA,NA,NA,"Minor Conflict"
1990,25,32,26,1,84,84,85,"SEN","SN",7720523,990.777522619822,"Africa","low","Minor Conflict"
1991,0,0,16,0,16,16,17,"SEN","SN",7943085,988.63221583773,"Africa","low",NA
1992,4,72,59,0,135,135,151,"SEN","SN",8168395,974.054860027128,"Africa","low","Minor Conflict"
1993,13,193,79,0,285,285,305,"SEN","SN",8396288,960.506561720788,"Africa","low","Minor Conflict"
1995,66,225,30,8,329,329,350,"SEN","SN",8848101,960.84709282163,"Africa","low","Minor Conflict"
1996,3,0,2,0,5,5,5,"SEN","SN",9067014,956.588791201654,"Africa","low",NA
1997,58,242,66,0,366,366,370,"SEN","SN",9283495,962.736689457399,"Africa","low","Minor Conflict"
1998,16,199,107,21,343,343,353,"SEN","SN",9502952,995.979085689636,"Africa","low","Minor Conflict"
1999,2,15,14,0,31,31,31,"SEN","SN",9730887,1033.76396461633,"Africa","middle","Minor Conflict"
2000,16,17,20,3,56,56,60,"SEN","SN",9968260,1048.37474052363,"Africa","middle","Minor Conflict"
2001,6,20,21,0,47,47,237,"SEN","SN",10212942,1067.36886550595,"Africa","middle","Minor Conflict"
2002,2,5,36,2,45,45,46,"SEN","SN",10466214,1042.25509944289,"Africa","middle","Minor Conflict"
2003,6,33,0,0,38,39,39,"SEN","SN",10721176,1074.38578467686,"Africa","middle","Minor Conflict"
2004,3,0,0,0,3,3,3,"SEN","SN",10975704,1098.20064546027,"Africa","middle",NA
2005,1,0,45,0,41,46,51,"SEN","SN",11235472,1119.0505307548,"Africa","middle","Minor Conflict"
2006,1,0,1,124,126,126,126,"SEN","SN",11500094,1118.7830430051,"Africa","middle","Minor Conflict"
2008,2,7,2,0,11,11,14,"SEN","SN",12048959,1138.66883930214,"Africa","middle",NA
2009,10,0,9,0,19,19,20,"SEN","SN",12337389,1142.65317233964,"Africa","middle",NA
2010,16,0,3,0,19,19,19,"SEN","SN",12635413,1153.53431121583,"Africa","middle",NA
2011,20,5,12,0,37,37,55,"SEN","SN",12958897,1139.74447892639,"Africa","middle","Minor Conflict"
2012,15,4,4,0,23,23,23,"SEN","SN",13310495,1154.05677992367,"Africa","middle",NA
2013,0,2,3,3,8,8,8,"SEN","SN",13710849,1147.3859217191,"Africa","middle",NA
2018,0,0,1,0,1,1,1,"SEN","SN",15914498,1355.09610863712,"Africa","middle",NA
2020,0,0,0,0,0,0,2,"SEN","SN",16789219,1361.79143748646,"Africa","middle",NA
2021,0,0,0,0,0,0,7,"SEN","SN",17220867,1414.5395109385,"Africa","middle",NA
1991,75,338,700,112,1224,1225,1964,"SLE","SL",4246267,1003.77238254224,"Africa","middle","Major Conflict"
1992,51,151,329,0,531,531,685,"SLE","SL",4166366,828.51603528816,"Africa","low","Minor Conflict"
1993,20,247,237,138,642,642,1322,"SLE","SL",4157130,841.770438677327,"Africa","low","Minor Conflict"
1994,98,314,1551,134,2097,2097,2825,"SLE","SL",4173105,822.218308559005,"Africa","low","Major Conflict"
1995,90,1154,1851,99,3194,3194,4689,"SLE","SL",4179179,755.343468884393,"Africa","low","Major Conflict"
1996,23,414,414,92,943,943,1349,"SLE","SL",4199210,764.924516910528,"Africa","low","Minor Conflict"
1997,348,82,616,187,1232,1233,2389,"SLE","SL",4253716,710.743788001185,"Africa","low","Major Conflict"
1998,807,1596,1872,880,5153,5155,6120,"SLE","SL",4295785,716.346034494679,"Africa","low","Major Conflict"
1999,916,799,1527,1251,4493,4493,9886,"SLE","SL",4318043,698.548065299734,"Africa","low","Major Conflict"
2000,66,133,546,111,856,856,1116,"SLE","SL",4423611,727.240913361187,"Africa","low","Minor Conflict"
2001,7,36,23,7,73,73,180,"SLE","SL",4692716,642.036644925852,"Africa","low","Minor Conflict"
2002,0,0,1,0,1,1,1,"SLE","SL",4971435,766.788692402944,"Africa","low",NA
2021,0,0,1,0,0,1,1,"SLE","SL",8094602,1045.7661615758,"Africa","middle",NA
1989,236,108,688,29,1061,1061,9679,"SOM",NA,NA,NA,NA,NA,"Major Conflict"
1990,1259,75,501,865,1631,2700,3079,"SOM","SO",7082811,259.400021870078,"Africa","low","Major Conflict"
1991,325,0,950,7180,7630,8455,9496,"SOM","SO",6813760,277.598802350589,"Africa","low","Major Conflict"
1992,61,601,104,3963,4729,4729,13398,"SOM","SO",6495107,266.498410042764,"Africa","low","Major Conflict"
1993,0,14,1,468,476,483,554,"SOM","SO",6681399,269.40620462247,"Africa","low","Minor Conflict"
1994,2,26,89,509,624,626,1052,"SOM","SO",7026797,210.446194601656,"Africa","low","Minor Conflict"
1995,96,71,13,264,437,444,897,"SOM","SO",7285007,211.087530841726,"Africa","low","Minor Conflict"
1996,61,109,224,555,947,949,1507,"SOM","SO",7554474,219.93638187358,"Africa","low","Minor Conflict"
1997,19,2,9,247,277,277,399,"SOM","SO",7824525,214.852351289127,"Africa","low","Minor Conflict"
1998,51,42,19,218,304,330,377,"SOM","SO",8155417,219.712160749181,"Africa","low","Minor Conflict"
1999,32,25,76,409,529,542,684,"SOM","SO",8492059,226.444111028756,"Africa","low","Minor Conflict"
2000,17,29,6,133,162,185,216,"SOM","SO",8838713,233.032393086367,"Africa","low","Minor Conflict"
2001,17,32,90,344,461,483,604,"SOM","SO",9198493,239.839074088085,"Africa","low","Minor Conflict"
2002,43,38,32,525,611,638,958,"SOM","SO",9550063,248.63645400073,"Africa","low","Minor Conflict"
2003,27,43,35,300,388,405,591,"SOM","SO",9909157,257.910337235939,"Africa","low","Minor Conflict"
2004,53,45,22,550,666,670,956,"SOM","SO",10280998,266.257271856728,"Africa","low","Minor Conflict"
2005,14,19,20,287,319,340,410,"SOM","SO",10644228,275.457040797985,"Africa","low","Minor Conflict"
2006,184,120,114,786,1064,1204,2056,"SOM","SO",10975502,284.470789865218,"Africa","low","Major Conflict"
2007,158,69,466,927,1601,1620,2136,"SOM","SO",11322582,294.210404466723,"Africa","low","Major Conflict"
2008,379,106,630,636,1671,1751,2434,"SOM","SO",11663084,304.741448811017,"Africa","low","Major Conflict"
2009,241,202,616,1145,1926,2204,2629,"SOM","SO",11961201,317.038184814601,"Africa","low","Major Conflict"
2010,138,327,419,1838,2457,2722,3048,"SOM","SO",12261756,329.970504936986,"Africa","low","Major Conflict"
2011,238,294,366,1220,1708,2118,2481,"SOM","SO",12348830,349.577449077691,"Africa","low","Major Conflict"
2012,273,1519,293,904,2788,2989,3325,"SOM","SO",12461160,369.617204753385,"Africa","low","Major Conflict"
2013,201,219,255,370,826,1045,1888,"SOM","SO",12869594,397.108796344858,"Africa","low","Major Conflict"
2014,231,526,213,277,954,1247,2389,"SOM","SO",13339491,417.516796906395,"Africa","low","Major Conflict"
2015,278,583,168,225,966,1254,2548,"SOM","SO",13806963,445.583080073396,"Africa","low","Major Conflict"
2016,434,1045,318,276,1338,2073,3324,"SOM","SO",14348740,458.921476824606,"Africa","low","Major Conflict"
2017,469,546,257,799,1921,2071,2761,"SOM","SO",14916629,506.50109887946,"Africa","low","Major Conflict"
2018,401,1481,283,342,2182,2507,3544,"SOM","SO",15452487,498.981065013872,"Africa","low","Major Conflict"
2019,255,1384,279,301,1923,2219,2734,"SOM","SO",16030971,494.559378705297,"Africa","low","Major Conflict"
2020,253,1494,266,107,2052,2120,2456,"SOM","SO",16651191,463.03252483819,"Africa","low","Major Conflict"
2021,238,1651,258,122,2258,2269,2850,"SOM","SO",17271431,461.842094673158,"Africa","low","Major Conflict"
2022,178,2361,197,379,3083,3115,3568,"SOM","SO",17801897,460.29964584736,"Africa","low","Major Conflict"
2023,386,3280,137,413,4197,4216,5377,"SOM","SO",18358615,465.160696448976,"Africa","low","Major Conflict"
2024,124,1734,458,198,2432,2514,2640,"SOM","SO",19009151,467.087176234542,"Africa","low","Major Conflict"
1989,115,319,107,104,644,645,839,"ZAF",NA,NA,NA,NA,NA,"Minor Conflict"
1990,150,64,256,989,1459,1459,2072,"ZAF","ZA",40746268,4544.23023212165,"Africa","high","Major Conflict"
1991,188,101,119,329,734,737,1120,"ZAF","ZA",41687898,4396.36069450543,"Africa","high","Minor Conflict"
1992,244,131,166,220,761,761,954,"ZAF","ZA",42443509,4225.814328485,"Africa","high","Minor Conflict"
1993,214,57,278,346,895,895,1210,"ZAF","ZA",43297156,4193.59826135345,"Africa","high","Minor Conflict"
1994,156,61,105,210,532,532,665,"ZAF","ZA",44004139,4258.26184733408,"Africa","high","Minor Conflict"
1995,49,22,0,72,143,143,175,"ZAF","ZA",44541554,4337.29729686998,"Africa","high","Minor Conflict"
1996,1,4,0,151,155,156,287,"ZAF","ZA",45123018,4465.50649854807,"Africa","high","Minor Conflict"
1997,0,3,0,27,30,30,68,"ZAF","ZA",45666838,4527.04992403877,"Africa","high","Minor Conflict"
1998,0,1,0,43,44,44,141,"ZAF","ZA",46223880,4494.85711232358,"Africa","high","Minor Conflict"
1999,12,0,0,7,19,19,28,"ZAF","ZA",46730335,4552.85007973031,"Africa","high",NA
2000,0,0,0,0,0,0,1,"ZAF","ZA",47159719,4700.87555500704,"Africa","high",NA
2002,0,0,2,0,2,2,8,"ZAF","ZA",48019415,4916.81498068625,"Africa","high",NA
2004,0,0,0,0,0,0,18,"ZAF","ZA",48991421,5187.35683424034,"Africa","high",NA
2010,0,0,1,0,1,1,1,"ZAF","ZA",52344051,5953.94506512821,"Africa","high",NA
2015,0,0,0,0,0,0,1,"ZAF","ZA",56723537,6112.27382485974,"Africa","high",NA
2016,0,3,0,0,1,3,4,"ZAF","ZA",57259551,6095.295060428,"Africa","high",NA
2018,0,0,1,11,11,12,12,"ZAF","ZA",58613001,6117.2701406047,"Africa","high",NA
2019,1,0,5,2,7,8,10,"ZAF","ZA",59587885,6032.82972598668,"Africa","high",NA
2020,2,1,6,20,29,29,92,"ZAF","ZA",60562381,5569.58483319272,"Africa","high","Minor Conflict"
2021,44,4,0,75,123,123,161,"ZAF","ZA",61502603,5756.19549409213,"Africa","high","Minor Conflict"
2022,1,1,0,2,1,4,5,"ZAF","ZA",62378410,5783.86090401536,"Africa","high",NA
2023,1,2,2,0,1,5,5,"ZAF","ZA",63212384,5747.41965026414,"Africa","high",NA
2024,0,0,2,0,2,2,2,"ZAF","ZA",64007187,5708.96442241707,"Africa","high",NA
2011,47,121,34,992,1194,1194,1308,"SSD","SS",10288109,2073.23981819145,"Africa","middle","Major Conflict"
2012,435,120,92,217,850,864,1024,"SSD","SS",10756240,1069.19619080938,"Africa","middle","Minor Conflict"
2013,166,118,914,629,1827,1827,3835,"SSD","SS",11166275,1165.16202707495,"Africa","middle","Major Conflict"
2014,142,51,899,1399,1543,2491,3951,"SSD","SS",11235073,1197.09491969479,"Africa","middle","Major Conflict"
2015,78,36,449,574,1127,1137,1376,"SSD","SS",11107561,1080.14718624765,"Africa","middle","Major Conflict"
2016,241,75,354,633,1301,1303,1758,"SSD","SS",10830102,NA,"Africa",NA,"Major Conflict"
2017,74,88,358,751,1254,1271,1559,"SSD","SS",10259154,NA,"Africa",NA,"Major Conflict"
2018,289,122,436,382,1172,1229,1470,"SSD","SS",10122977,NA,"Africa",NA,"Major Conflict"
2019,81,71,150,340,542,642,1171,"SSD","SS",10423384,NA,"Africa",NA,"Minor Conflict"
2020,42,54,89,563,739,748,1098,"SSD","SS",10698467,NA,"Africa",NA,"Minor Conflict"
2021,98,101,51,641,680,891,930,"SSD","SS",10865780,NA,"Africa",NA,"Minor Conflict"
2022,64,23,279,362,714,728,988,"SSD","SS",11021177,NA,"Africa",NA,"Minor Conflict"
2023,0,0,38,186,187,224,256,"SSD","SS",11483374,NA,"Africa",NA,"Minor Conflict"
2024,33,11,43,610,623,697,702,"SSD","SS",11943408,NA,"Africa",NA,"Minor Conflict"
1989,2868,1601,1043,2021,7533,7533,9753,"SDN",NA,NA,NA,NA,NA,"Major Conflict"
1990,90,42,293,4910,5335,5335,6235,"SDN","SD",22021481,764.450439453125,"Africa","low","Major Conflict"
1991,18,148,2305,2095,4566,4566,7666,"SDN","SD",22470676,805.367309570313,"Africa","low","Major Conflict"
1992,100,311,3026,877,4114,4314,8714,"SDN","SD",22927355,842.008605957031,"Africa","low","Major Conflict"
1993,1808,272,1671,2291,6042,6042,7175,"SDN","SD",23445592,862.978149414063,"Africa","low","Major Conflict"
1994,0,18,478,481,977,977,1057,"SDN","SD",24043948,850.299438476563,"Africa","low","Minor Conflict"
1995,264,41,366,823,1494,1494,2513,"SDN","SD",24672143,877.693298339844,"Africa","low","Major Conflict"
1996,418,192,63,2062,2735,2735,2829,"SDN","SD",25231528,908.66015625,"Africa","low","Major Conflict"
1997,2438,1319,369,746,4730,4872,9948,"SDN","SD",25799821,1050.31994628906,"Africa","middle","Major Conflict"
1998,3155,763,1544,496,5758,5958,7434,"SDN","SD",26458999,1069.27197265625,"Africa","middle","Major Conflict"
1999,813,702,129,423,2067,2067,3251,"SDN","SD",27130613,1074.88098144531,"Africa","middle","Major Conflict"
2000,2728,363,369,77,3537,3537,4530,"SDN","SD",27816745,1111.11865234375,"Africa","middle","Major Conflict"
2001,2669,798,213,39,3719,3719,4063,"SDN","SD",28516770,1150.17626953125,"Africa","middle","Major Conflict"
2002,1995,261,760,191,3181,3207,5299,"SDN","SD",29228727,1185.21533203125,"Africa","middle","Major Conflict"
2003,1698,352,1869,1091,4910,5010,28192,"SDN","SD",29896035,1226.42077636719,"Africa","middle","Major Conflict"
2004,2831,719,6072,90,9547,9712,36073,"SDN","SD",30556637,1255.67114257813,"Africa","middle","Major Conflict"
2005,101,81,655,668,1364,1505,2024,"SDN","SD",31262444,1290.24438476563,"Africa","middle","Major Conflict"
2006,240,60,764,1123,2183,2187,4145,"SDN","SD",31992435,1336.1240234375,"Africa","middle","Major Conflict"
2007,166,386,203,425,1164,1180,1337,"SDN","SD",32764135,1372.10961914063,"Africa","middle","Major Conflict"
2008,258,275,485,223,1241,1241,2533,"SDN","SD",33623980,1381.62561035156,"Africa","middle","Major Conflict"
2009,304,451,412,1522,2689,2689,2789,"SDN","SD",34569113,1301.34729003906,"Africa","middle","Major Conflict"
2010,419,392,291,688,1790,1790,2893,"SDN","SD",35414399,1311.22314453125,"Africa","middle","Major Conflict"
2011,360,303,729,1175,2543,2567,3614,"SDN","SD",36140806,1388.21813964844,"Africa","middle","Major Conflict"
2012,352,333,252,588,1475,1525,2854,"SDN","SD",36923178,1288.25854492188,"Africa","middle","Major Conflict"
2013,435,483,90,951,1692,1959,6115,"SDN","SD",37785849,1283.45922851563,"Africa","middle","Major Conflict"
2014,501,292,269,850,1822,1912,4654,"SDN","SD",38823318,1307.3896484375,"Africa","middle","Major Conflict"
2015,583,743,590,642,2466,2558,3885,"SDN","SD",40024431,1292.37963867188,"Africa","middle","Major Conflict"
2016,106,141,790,960,1989,1997,3061,"SDN","SD",41259892,1297.15454101563,"Africa","middle","Major Conflict"
2017,91,144,72,241,526,548,764,"SDN","SD",42714306,1261.87353515625,"Africa","middle","Minor Conflict"
2018,128,46,97,161,375,432,699,"SDN","SD",44230596,1185.94445800781,"Africa","middle","Minor Conflict"
2019,33,44,187,171,429,435,505,"SDN","SD",45548175,1126.55297851563,"Africa","middle","Minor Conflict"
2020,67,128,73,359,627,627,657,"SDN","SD",46789231,1056.86474609375,"Africa","middle","Minor Conflict"
2021,68,164,126,504,835,862,954,"SDN","SD",48066924,1009.54888916016,"Africa","middle","Minor Conflict"
2022,396,227,96,688,1399,1407,1809,"SDN","SD",49383346,973.225280761719,"Africa","low","Major Conflict"
2023,130,281,3134,4292,7715,7837,9797,"SDN","SD",50042791,677.723205566406,"Africa","low","Major Conflict"
2024,143,538,4268,2154,6090,7103,7465,"SDN","SD",50448963,581.555847167969,"Africa","low","Major Conflict"
1992,0,0,1,0,1,1,1,"TZA","TZ",27457588,528.781555175781,"Africa","low",NA
1996,0,0,0,10,10,10,10,"TZA","TZ",30945762,522.333251953125,"Africa","low",NA
1997,0,0,3,0,3,3,3,"TZA","TZ",31578089,529.954223632813,"Africa","low",NA
1999,0,0,0,0,0,0,4,"TZA","TZ",33300330,546.605529785156,"Africa","low",NA
2001,0,0,37,0,37,37,71,"TZA","TZ",35198299,573.400146484375,"Africa","low","Minor Conflict"
2007,0,0,3,0,3,3,3,"TZA","TZ",41435512,731.52001953125,"Africa","low",NA
2012,0,0,1,0,1,1,1,"TZA","TZ",47374260,851.910705566406,"Africa","low",NA
2014,0,0,10,0,0,10,10,"TZA","TZ",50351512,913.811218261719,"Africa","low",NA
2017,0,0,1,0,1,1,1,"TZA","TZ",55652890,1001.88745117188,"Africa","middle",NA
2018,0,0,1,0,1,1,1,"TZA","TZ",57437145,1024.01525878906,"Africa","middle",NA
2019,0,0,8,0,7,8,8,"TZA","TZ",59174891,1051.7666015625,"Africa","middle",NA
2020,4,0,40,0,39,44,64,"TZA","TZ",60972798,1041.25964355469,"Africa","middle","Minor Conflict"
2021,5,8,12,1,18,26,27,"TZA","TZ",62830412,1054.31726074219,"Africa","middle","Minor Conflict"
2022,0,0,2,2,4,4,4,"TZA","TZ",64711821,1070.58532714844,"Africa","middle",NA
2024,0,0,6,0,5,6,6,"TZA","TZ",68560157,1120.77416992188,"Africa","middle",NA
1991,0,0,0,63,61,63,63,"TGO","TG",4115560,678.869787556389,"Africa","low","Minor Conflict"
1992,0,0,5,0,5,5,5,"TGO","TG",4233617,633.668979961274,"Africa","low",NA
1993,0,0,48,0,19,48,58,"TGO","TG",4207453,541.357021911529,"Africa","low","Minor Conflict"
1998,0,0,9,0,9,9,9,"TGO","TG",4860913,706.68952385752,"Africa","low",NA
2005,0,0,436,0,436,436,461,"TGO","TG",5844631,630.248628319525,"Africa","low","Minor Conflict"
2019,0,0,1,0,1,1,1,"TGO","TG",8463068,810.514132815471,"Africa","low",NA
2022,12,15,35,0,47,62,87,"TGO","TG",9089738,862.763712696128,"Africa","low","Minor Conflict"
2023,19,2,53,2,76,76,95,"TGO","TG",9304337,896.874686928368,"Africa","low","Minor Conflict"
2024,32,0,36,0,68,68,75,"TGO","TG",9515236,923.476881404548,"Africa","low","Minor Conflict"
2002,0,0,20,1,21,21,21,"TUN","TN",9971515,2950.20794016332,"Africa","middle",NA
2011,4,4,0,0,8,8,13,"TUN","TN",10886035,3784.74620448381,"Africa","high",NA
2012,1,2,0,0,3,3,3,"TUN","TN",11009647,3900.05126518371,"Africa","high",NA
2013,20,9,0,0,29,29,30,"TUN","TN",11141361,3947.59276091668,"Africa","high","Minor Conflict"
2014,36,12,2,1,51,51,61,"TUN","TN",11274288,4021.60476871861,"Africa","high","Minor Conflict"
2015,36,40,61,0,137,137,139,"TUN","TN",11402264,4014.94773686432,"Africa","high","Minor Conflict"
2016,18,59,11,0,88,88,89,"TUN","TN",11528674,4015.29664102169,"Africa","high","Minor Conflict"
2017,3,12,0,0,12,15,21,"TUN","TN",11650498,4062.22677519573,"Africa","high",NA
2018,12,10,1,2,23,25,25,"TUN","TN",11765514,4128.10393763368,"Africa","high","Minor Conflict"
2019,3,16,1,0,20,20,20,"TUN","TN",11875081,4154.95861594283,"Africa","high",NA
2020,2,9,1,0,12,12,12,"TUN","TN",11974057,3749.26722435797,"Africa","high",NA
2021,4,8,5,1,18,18,19,"TUN","TN",12048622,3902.54258302726,"Africa","high",NA
2022,0,3,0,0,3,3,3,"TUN","TN",12119334,3983.49130488497,"Africa","high",NA
2023,0,3,0,0,3,3,3,"TUN","TN",12200431,3958.56222854122,"Africa","high",NA
1989,46,949,58,4,1057,1057,1110,"UGA",NA,NA,NA,NA,NA,"Major Conflict"
1990,12,593,204,0,809,809,821,"UGA","UG",17569897,369.839286985576,"Africa","low","Minor Conflict"
1991,87,736,163,32,1018,1018,1018,"UGA","UG",18155901,377.780503685951,"Africa","low","Major Conflict"
1992,3,73,0,0,76,76,76,"UGA","UG",18785032,377.609612721367,"Africa","low","Minor Conflict"
1994,11,112,37,0,160,160,240,"UGA","UG",20108801,406.592301920177,"Africa","low","Minor Conflict"
1995,67,182,285,3,537,537,584,"UGA","UG",20665667,441.226201168263,"Africa","low","Minor Conflict"
1996,302,764,677,55,1798,1798,2224,"UGA","UG",21231550,468.427898950193,"Africa","low","Major Conflict"
1997,67,617,629,41,1354,1354,1645,"UGA","UG",21856046,478.250663988847,"Africa","low","Major Conflict"
1998,92,755,355,12,1214,1214,1491,"UGA","UG",22515806,487.008977266219,"Africa","low","Major Conflict"
1999,59,476,285,204,1016,1024,1284,"UGA","UG",23257281,509.455395054388,"Africa","low","Major Conflict"
2000,157,819,181,81,1238,1238,1273,"UGA","UG",24000150,509.19755319016,"Africa","low","Major Conflict"
2001,54,91,67,0,212,212,281,"UGA","UG",24745676,519.456547890884,"Africa","low","Minor Conflict"
2002,145,525,639,7,1316,1316,1405,"UGA","UG",25532870,547.405338919875,"Africa","low","Major Conflict"
2003,189,707,696,36,1627,1628,2557,"UGA","UG",26352124,564.720539196569,"Africa","low","Major Conflict"
2004,64,1115,813,12,1962,2004,2700,"UGA","UG",27154515,585.339489080616,"Africa","low","Major Conflict"
2005,54,536,279,53,922,922,1047,"UGA","UG",27963289,604.404813057618,"Africa","low","Minor Conflict"
2006,36,218,63,17,334,334,444,"UGA","UG",28794003,650.270540867444,"Africa","low","Minor Conflict"
2007,33,103,20,0,156,156,235,"UGA","UG",29653430,684.542241787248,"Africa","low","Minor Conflict"
2008,4,12,1,15,31,32,74,"UGA","UG",30539553,722.565167003452,"Africa","low","Minor Conflict"
2009,22,17,20,0,59,59,59,"UGA","UG",31451151,749.342865535423,"Africa","low","Minor Conflict"
2010,0,0,74,0,74,74,76,"UGA","UG",32390802,768.624091660131,"Africa","low","Minor Conflict"
2014,0,0,7,0,7,7,7,"UGA","UG",36395539,845.978664791099,"Africa","low",NA
2016,0,0,0,30,30,30,30,"UGA","UG",38799152,874.648370639216,"Africa","low","Minor Conflict"
2017,0,0,0,0,0,0,1,"UGA","UG",40177388,871.093880017151,"Africa","low",NA
2018,0,0,2,0,2,2,2,"UGA","UG",41565831,895.07512785438,"Africa","low",NA
2019,0,0,2,0,2,2,2,"UGA","UG",42999637,920.939101515671,"Africa","low",NA
2021,0,15,7,1,23,23,24,"UGA","UG",45910930,919.401675217265,"Africa","low",NA
2022,1,23,1,0,25,25,28,"UGA","UG",47312719,933.094056370423,"Africa","low","Minor Conflict"
2023,0,22,57,0,74,79,86,"UGA","UG",48656601,955.745797275462,"Africa","low","Minor Conflict"
2024,0,0,1,0,0,1,1,"UGA","UG",50015092,986.842075169699,"Africa","low",NA
1989,0,0,87,0,87,87,87,"ZMB",NA,NA,NA,NA,NA,"Minor Conflict"
1990,0,0,40,0,40,40,40,"ZMB","ZM",7786169,878.589205998477,"Africa","low","Minor Conflict"
1993,0,0,1,0,1,1,1,"ZMB","ZM",8373921,857.039669609389,"Africa","low",NA
2000,0,0,1,0,1,1,1,"ZMB","ZM",10017631,804.48463418783,"Africa","low",NA
2001,0,0,7,0,7,7,17,"ZMB","ZM",10325185,822.020935308251,"Africa","low",NA
1989,0,0,37,0,37,37,37,"ZWE",NA,NA,NA,NA,NA,"Minor Conflict"
1990,0,0,14,0,14,14,14,"ZWE","ZW",10137281,1652.7214986709,"Africa","middle",NA
1995,0,0,1,3,1,4,4,"ZWE","ZW",10974599,1620.59240010324,"Africa","middle",NA
1998,0,0,1,0,1,1,1,"ZWE","ZW",11594297,1788.43763430363,"Africa","middle",NA
1999,0,0,1,0,1,1,1,"ZWE","ZW",11783458,1745.33624759737,"Africa","middle",NA
2001,0,0,0,0,0,0,1,"ZWE","ZW",11971901,1689.28524565736,"Africa","middle",NA
2003,0,0,0,0,0,0,2,"ZWE","ZW",12232323,1250.28175915781,"Africa","middle",NA
2007,0,0,0,0,0,0,7,"ZWE","ZW",12804058,986.695816261281,"Africa","low",NA
2008,0,0,253,0,253,253,317,"ZWE","ZW",12959149,802.635029439794,"Africa","low","Minor Conflict"
2009,0,0,0,0,0,0,1,"ZWE","ZW",13142790,896.457890978913,"Africa","low",NA
2011,0,0,1,0,1,1,1,"ZWE","ZW",13595424,1184.32960982582,"Africa","middle",NA
2012,0,0,1,0,1,1,1,"ZWE","ZW",13817887,1359.45829603738,"Africa","middle",NA
2018,0,0,4,0,4,4,4,"ZWE","ZW",15034452,1471.39488971183,"Africa","middle",NA
2019,0,0,8,0,8,8,9,"ZWE","ZW",15271368,1356.83821089692,"Africa","middle",NA
2020,0,0,2,0,2,2,2,"ZWE","ZW",15526888,1230.19155671068,"Africa","middle",NA
